,response_me,essentiality_me,response_m,essentiality_m,true_essentiality
b3962,0,0,0,0,0
b2254,0,0,4.068523584319445e-15,0,0
b0149,0,0,0,0,0
b2265,0,0,-5.2551762964126164e-14,0,0
b0084,1.4231608741513773,+,0,0,e
b0383,0,0,2.5202243313978785e-14,0,0
b0350,0,0,-1.547169107481478e-13,0,0
b3396,0,0,0,0,0
b3907,0,0,-3.6616712258875004e-14,0,0
b2093,0,0,3.209613049852007e-14,0,0
b0895,0,0,0,0,0
b3477,0,0,0,0,0
b3260,0,0,,,0
b3783,-1.0,e,,,e
b0825,0,0,0,0,0
b1818,0,0,-5.379492294822377e-14,0,0
b0351,-0.5531856815086519,-,0,0,0
b3343,-1.0,e,,,e
b2599,-1.0,e,-1.0,e,0
b0655,0,0,0,0,0
b4214,-1.0,e,-1.0,e,0
b3705,-1.0,e,,,e
b4213,0,0,8.216157349445101e-14,0,0
b3747,-0.023486375298275703,-,0,0,0
b0243,-0.37876261058703015,-,-0.000916019758739052,0,0
b2601,1.6434637385141153,+,0,0,0
b2240,0,0,-6.803475549334183e-14,0,0
b2051,0,0,-8.679516979881483e-14,0,0
b4244,0,0,0,0,0
b2487,0,0,0,0,0
b2925,-0.6715480927630106,-,-1.0024390053587077e-13,0,e
b2806,-1.0,e,,,0
b2185,-1.0,e,,,e
b2724,0,0,0,0,0
b3476,0,0,0,0,0
b4031,0,0,-8.001429715828242e-14,0,0
b3691,0,0,-7.232930816567902e-14,0,0
b1850,1.5919751329445142,+,-1.3234003103439085e-13,0,0
b0401,0,0,-7.36854826937855e-14,0,0
b0494,0,0,1.367475982507369e-13,0,0
b0088,-1.0,e,-1.0,e,e
b3470,-1.0,e,,,0
b0181,-1.0,e,-1.0,e,e
b0068,0,0,-1.57203230716343e-13,0,0
b0311,0,0,-1.10754253128696e-14,0,0
b0996,0,0,0,0,0
b1613,0,0,-1.47370965387571e-13,0,0
b4290,0,0,-9.594934786353358e-14,0,0
b0721,0.5060383720358845,+,-0.026141516664369008,-,0
b2682,0,0,0,0,0
b3629,0,0,-1.0532955501627008e-13,0,0
b0168,-1.0,e,,,e
b3176,-1.0,e,-1.0,e,e
b4032,0,0,-1.7189512143749655e-13,0,0
b3294,-1.0,e,,,e
b2688,0,0,-1.6940880146930134e-13,0,0
b1646,0,0,0,0,0
b0776,-1.0,e,-1.0,e,0
b0766,0,0,0,0,e
b3572,0,0,-8.73602425188592e-14,0,0
b2994,0,0,0,0,0
b0896,0,0,0,0,0
b2242,0,0,-9.323699880732062e-14,0,0
b4120,0,0,-1.0747683135243868e-13,0,0
b2480,0,0,0,0,0
b0008,0,0,0,0,0
b3065,-1.0,e,,,e
b3564,0,0,3.5373552274777396e-14,0,0
b0221,1.1734904474710464,+,-0.010520690315203803,-,0
b0170,-1.0,e,,,e
b1681,0,0,-7.131217726959917e-14,0,0
b3314,-1.0,e,,,e
b2566,-1.0,e,,,e
b3786,0,0,-1.124494712888291e-13,0,0
b2234,0,0,0,0,e
b0723,0.5060383720358845,+,-0.026141516664369008,-,0
b0333,0,0,-5.176066115606405e-14,0,0
b3805,-1.0,e,-1.0,e,e
b3649,-1.0,e,,,0
b3167,-1.0,e,,,0
b2828,-1.0,e,,,e
b3894,0,0,0,0,0
b4371,-1.0,e,,,0
b2296,0,0,0,0,e
b2552,0,0,0,0,0
b3161,0,0,-1.6454917607691978e-13,0,0
b0337,0,0,-3.5034508642750776e-14,0,0
b2392,0,0,7.673687538202509e-14,0,0
b0805,0,0,0,0,0
b3430,-1.0,e,-8.024032624630017e-14,0,0
b0980,0,0,-9.696647875961344e-14,0,0
b2582,0,0,0,0,e
b2497,0,0,-1.0340830776811923e-13,0,0
b4138,0,0,0,0,0
b1489,0,0,1.7562460138978939e-13,0,0
b2594,-1.0,e,,,e
b3654,0,0,0,0,0
b3583,0,0,0,0,0
b2149,0,0,0,0,0
b0166,-1.0,e,-1.0,e,e
b3073,0,0,-1.338092201065062e-13,0,0
b2472,-1.0,e,-1.0,e,e
b0477,0,0,0,0,0
b3367,0,0,0,0,0
b1761,1.1915735671788974,+,-0.034201720160346116,-,0
b2204,0,0,-5.865454834060533e-14,0,0
b1054,0,0,-3.8311930419008104e-14,0,0
b2679,0,0,0,0,0
b3986,-1.0,e,,,e
b1927,0,0,1.4239832545118057e-14,0,0
b3479,0,0,0,0,0
b3212,0,0,0,0,0
b0930,-1.0,e,0,0,e
b2763,-1.0,e,-1.0,e,0
b4139,0,0,-2.407209787389005e-14,0,0
b2366,0,0,-6.679159550924422e-14,0,0
b3298,-1.0,e,,,e
b0120,0,0,-5.786344653254321e-14,0,0
b2400,-1.0,e,-1.0,e,e
b2485,0,0,0,0,0
b2303,0,0,-5.989770832470293e-14,0,0
b3502,0,0,0,0,0
b4395,1.806229665019643,+,0,0,0
b2913,0.4384869883393084,+,-0.02209531541158476,-,0
b3612,0,0,0,0,0
b0604,0,0,-7.040806091752818e-14,0,0
b0082,0,0,,,e
b1652,-1.0,e,,,e
b1006,0,0,-5.1534632068046304e-14,0,0
b0198,0,0,-4.26064830913453e-14,0,0
b4025,0.8944684719056125,+,-0.006354504833533604,0,0
b0617,0,0,-9.425412970340047e-14,0,0
b0151,0,0,-1.2748040564200928e-13,0,0
b3733,0.03205300819254632,+,0,0,0
b2744,2.245659238469122,+,1.175351257692284e-14,0,0
b1592,0,0,0,0,0
b2874,1.209192729467238,+,0,0,0
b2010,0,0,0,0,0
b3772,0,0,0,0,0
b2920,0,0,-1.3765171460280788e-13,0,0
b0785,0,0,-1.0,e,0
b3029,0,0,-3.2661203218564435e-14,0,0
b4265,0,0,-2.0342617921597226e-14,0,0
b3380,0,0,0,0,0
b2038,0,0,-6.950394456545719e-14,0,0
b3200,-1.0,e,-1.0,e,0
b2297,0,0,0,0,0
b0734,0,0,0,0,e
b3426,0,0,0,0,0
b0051,-1.0,e,,,0
b3289,-1.0,e,,,0
b3304,-1.0,e,,,e
b1398,0,0,-3.220914504252894e-14,0,0
b1714,-1.0,e,-2.0003574289570606e-14,0,e
b2045,0,0,0,0,0
b2527,1.143250019562884,+,,,e
b2697,-1.0,e,-6.147991194082717e-14,0,e
b1723,0.4497530062414673,+,0,0,0
b0177,-1.0,e,,,e
b3708,0,0,-0.0002946195330114647,0,0
b2810,0,0,-6.317513010096027e-14,0,0
b0997,0,0,0,0,0
b1089,-1.0,e,,,e
b2723,0,0,0,0,0
b2711,0,0,0,0,0
b2467,0,0,-7.131217726959917e-14,0,0
b0103,-1.0,e,-0.9999999999879612,e,e
b3480,0,0,0,0,0
b1612,1.636129053898715,+,0,0,0
b3359,-1.0,e,-1.0,e,0
b2614,-1.0,e,,,e
b1123,0,0,0,0,e
b3856,0,0,0,0,0
b3406,-1.0,e,,,0
b3749,0,0,0,0,0
b2930,0,0,0,0,0
b4367,0,0,-9.380207152736498e-15,0,0
b0935,0,0,-4.2832512179363046e-14,0,0
b3339,1.3108992039302065,+,,,e
b3809,-1.0,e,-1.0,e,e
b1244,0,0,-7.978826807026468e-14,0,0
b3640,0,0,0,0,e
b2540,0,0,3.718178497891937e-14,0,e
b1637,-1.0,e,-8.73602425188592e-14,0,e
b0863,0,0,0,0,0
b0697,0,0,0,0,0
b4162,-1.0,e,,,0
b2324,-1.0,e,,,0
b0421,-1.0,e,-1.0,e,e
b3006,0,0,-6.758269731730634e-14,0,0
b3821,0,0,-5.944565014866744e-14,0,0
b3870,0,0,0,0,0
b2329,-1.0,e,-1.0,e,0
b3028,0,0,7.831907899814932e-14,0,0
b2780,-1.0,e,-1.0,e,e
b3560,-1.0,e,0,0,e
b1386,0,0,-2.870569417825386e-14,0,0
b4094,0.07449599129440639,+,-4.724007939570911e-14,0,0
b0058,-1.0,e,,,e
b3390,-0.7427637199378393,-,0,0,e
b2114,-1.0,e,-1.2996672561020449e-13,0,e
b3653,0,0,0,0,0
b3115,0,0,-2.4863199681952165e-14,0,0
b0759,0,0,-1.2205570752958336e-14,0,0
b2476,-1.0,e,-1.0,e,0
b3980,0,0,,,e
b3340,-1.0,e,,,e
b0857,0,0,0,0,0
b3018,-1.0,e,-1.0,e,e
b2284,-0.2890512101621024,-,-0.11072915513561345,-,0
b2441,0,0,-1.1256248583283798e-13,0,0
b0420,-1.0,e,-1.0,e,e
b3624,0,0,-5.989770832470293e-14,0,0
b3542,0,0,-1.1855225666530828e-13,0,0
b2318,-1.0,e,,,0
b2423,0,0,0,0,e
b3458,0,0,0,0,0
b2877,0,0,6.102785376479168e-15,0,0
b0155,0,0,0,0,0
b1485,0,0,0,0,e
b4375,-1.0,e,,,0
b4477,0,0,-6.294910101294252e-14,0,0
b2722,0,0,0,0,0
b2803,0,0,-1.66131379693044e-13,0,0
b1693,-1.0,e,-1.0,e,0
b0175,-1.0,e,-1.0,e,e
b4130,0,0,0,0,0
b4024,-0.14886308380523205,-,0,0,0
b3565,0,0,1.917856811830583e-13,0,0
b0037,0,0,-4.972639936390433e-14,0,0
b2028,0,0,-2.121282991046555e-13,0,0
b0911,-1.0,e,,,e
b2243,0,0,-9.323699880732062e-14,0,0
b3431,0,0,-3.017488325036922e-14,0,0
b1525,0,0,0,0,0
b1701,0,0,0,0,0
b2315,-1.0,e,-1.0,e,0
b3793,0,0,5.6507272004436734e-15,0,e
b2702,0,0,-4.4075672163460654e-14,0,0
b3849,0,0,0,0,0
b3412,-1.0,e,-1.0,e,0
b3734,0.03205300819254632,+,0,0,0
b0160,0,0,6.147991194082717e-14,0,0
b3992,-1.0,e,-1.0,e,0
b0485,0,0,0,0,0
b4478,0,0,-6.023675195672956e-14,0,0
b2988,0,0,-7.515467176590086e-14,0,0
b0807,-1.0,e,,,0
b1119,0,0,-5.4586024756285885e-14,0,0
b0929,0,0,0,0,0
b3500,-1.0,e,-3.752082861094599e-14,0,e
b3844,-0.58990915831325,-,-0.0022614530033788836,0,0
b3642,-1.0,e,-1.0,e,0
b2536,0,0,-9.086369338313427e-14,0,0
b1719,-1.0,e,0,0,e
b0998,0,0,,,e
b1866,-1.0,e,0,0,e
b3091,0,0,0,0,0
b1922,-1.0,e,,,0
b1096,-1.0,e,-1.0,e,0
b2065,0,0,0,0,0
b0085,-1.0,e,-1.0,e,e
b2414,-0.07218201748456454,-,0,0,0
b1114,-1.0,e,,,0
b0408,-1.0,e,,,e
b4090,-0.19866285180218002,-,-1.4092913637906522e-13,0,0
b1919,0,0,-9.62883914955602e-14,0,0
b2708,0,0,0,0,0
b0023,-1.0,e,,,e
b2288,-0.2890512101621024,-,-0.11072915513561345,-,0
b0436,-1.0,e,,,0
b0622,0,0,-9.900074055177317e-14,0,0
b0679,0,0,0,0,0
b0588,0,0,-5.944565014866744e-14,0,0
b2283,-0.2890512101621024,-,-0.11072915513561345,-,0
b1679,0,0,-9.368905698335611e-14,0,0
b0341,0,0,-7.96752535262558e-14,0,0
b3981,-1.0,e,,,e
b0728,2.0880648382371874,+,-0.0029439445967727436,0,0
b3433,-1.0,e,-1.0,e,e
b3643,2.0206524109047757,+,,,0
b1215,-1.0,e,-1.0,e,e
b1656,0,0,0,0,0
b0349,0,0,-1.7777187772595796e-13,0,0
b2677,0,0,0,0,0
b0067,0,0,-1.57203230716343e-13,0,0
b2150,0,0,0,0,e
b1589,0,0,1.2928863834615126e-13,0,e
b1768,0,0,-9.854868237573767e-14,0,0
b1276,2.1581191362209977,+,0,0,0
b2836,-1.0,e,-0.01052069031524494,-,0
b3703,-1.0,e,,,e
b1873,0,0,-5.5377126564348e-14,0,0
b1779,1.5720395019211788,+,-0.12857792741319285,-,e
b1767,0,0,0,0,0
b3789,0,0,0,0,0
b1261,-1.0,e,-1.0,e,0
b3012,0,0,0,0,0
b0789,0,0,0,0,0
b2957,0,0,-1.4239832545118057e-14,0,e
b1269,-1.0,e,,,e
b4544,0,0,-1.103021949526605e-13,0,0
b4153,0,0,7.899716626220256e-14,0,0
b2262,0,0,-1.5822036161242287e-13,0,0
b3058,-1.0,e,-1.0,e,0
b1223,0,0,0,0,0
b1227,0,0,0,0,0
b2156,0,0,0,0,0
b4381,0,0,-6.170594102884492e-14,0,0
b3452,0,0,-1.469189072115355e-15,0,0
b3460,0,0,3.92160467710791e-14,0,0
b2458,0,0,0,0,0
b3187,-1.0,e,-1.0,e,e
b4471,0,0,0,0,0
b3146,-0.011209742121295848,-,,,0
b2867,0.5873525984914607,+,-6.780872640532408e-16,0,0
b1852,0.6125703843655832,+,-0.006983373266558011,0,e
b3365,0,0,2.0568647009614973e-14,0,0
b1638,0,0,-1.0193911869600387e-13,0,0
b4142,-1.0,e,,,e
b0526,-1.0,e,0,0,e
b3744,0,0,-0.0009988140701661736,0,0
b2871,0,0,1.7065196145339895e-14,0,0
b3478,0,0,0,0,0
b0652,0,0,0,0,e
b3320,-1.0,e,,,e
b2232,-0.30410381797588926,-,-4.2832512179363046e-14,0,e
b0052,-1.0,e,-1.0,e,0
b3198,-1.0,e,-1.0,e,0
b3307,-1.0,e,,,e
b3196,0,0,-1.0,e,0
b3370,0,0,-9.12027370151609e-14,0,0
b2818,-1.0,e,-1.0,e,0
b3736,0.03205300819254632,+,0,0,e
b4071,0,0,-5.6055213828401246e-14,0,0
b4006,-1.0,e,-1.0,e,0
b2901,0,0,-4.565787577958488e-14,0,0
b3456,0,0,3.92160467710791e-14,0,0
b0242,-0.37876261058703015,-,-0.0009160197589509543,0,0
b3317,-1.0,e,,,e
b0414,-1.0,e,-1.0,e,e
b0862,0,0,0,0,0
b1480,-1.0,e,,,0
b0040,0,0,-3.8311930419008104e-14,0,0
b3785,0,0,5.6507272004436734e-15,0,0
b4238,2.199536475253164,+,0,0,0
b3620,0,0,-7.492864267788311e-14,0,0
b2344,0,0,-1.2657628928993829e-14,0,0
b0025,-1.0,e,-1.0,e,e
b0578,0,0,0,0,0
b3993,-1.0,e,-1.0,e,0
b0133,-1.0,e,-0.9999999999879424,e,0
b2800,0,0,0,0,0
b4390,0,0,0,0,0
b2032,0,0,-8.363076256656637e-15,0,0
b0854,0,0,0,0,0
b3816,0,0,-1.3396904257359594e-06,0,e
b1602,0,0,-5.379492294822377e-14,0,0
b0831,0,0,4.85962539238156e-15,0,0
b4394,0,0,0,0,0
b0062,0,0,-8.385679165458412e-14,0,0
b1442,0,0,0,0,e
b2508,0,0,-0.0010098288189859135,0,0
b3600,0,0,-4.746610848372686e-14,0,0
b2797,0,0,0,0,0
b3926,0,0,4.023317766715896e-14,0,0
b2285,-0.2890512101621024,-,-0.11072915513561345,-,0
b2290,0.8493503226519762,+,0,0,0
b0928,-1.0,e,-1.0,e,0
b3447,0,0,3.582561045081289e-14,0,0
b4481,0,0,-8.125745714238002e-14,0,0
b2796,0,0,0,0,0
b0592,0,0,-5.944565014866744e-14,0,e
b3345,-1.0,e,,,e
b0978,0,0,1.7856297953402008e-14,0,0
b0086,-1.0,e,-1.0,e,e
b1062,-1.0,e,-1.0,e,0
b4240,0,0,-7.944922443823805e-14,0,0
b0237,0,0,-6.47573337170845e-14,0,0
b2239,0,0,-8.532598072669947e-14,0,0
b2260,0,0,-1.1606593669711305e-13,0,e
b0813,0,0,0,0,0
b0573,0,0,-4.8257210291788975e-14,0,0
b1654,-1.0,e,0,0,e
b0945,1.113671239172383,+,-2.565430149001428e-14,0,0
b3306,-1.0,e,,,e
b1732,0,0,0,0,0
b3636,-1.0,e,,,e
b2813,0,0,0,0,0
b2882,0,0,0,0,0
b2960,-1.0,e,,,0
b0775,-1.0,e,-1.0,e,0
b0811,0,0,1.7065196145339895e-14,0,0
b0411,0,0,-5.311683568417053e-15,0,0
b2162,0,0,0,0,0
b1392,0,0,4.3171555811389667e-14,0,0
b2223,0,0,2.3710451333061656e-13,0,0
b0118,0,0,5.334286477218828e-14,0,0
b3389,-1.0,e,-1.0,e,0
b1748,0,0,-3.853795950702585e-14,0,0
b0514,0,0,0,0,0
b3836,0,0,,,0
b0516,0,0,-3.141804323446683e-14,0,0
b3181,-1.0,e,,,0
b0104,0,0,-2.8140621458209496e-14,0,0
b2501,-0.849991895095451,-,-0.014323525483951048,-,0
b3619,0,0,1.8477877945450813e-13,0,0
b1207,0.8622638774511212,+,1.5573404164422765e-13,0,e
b2131,0,0,1.299667256102045e-14,0,0
b0126,0,0,0,0,e
b2095,0,0,0,0,0
b2868,0.5873525984914607,+,-6.780872640532408e-16,0,0
b4208,0.6831886906711835,+,-0.000647889370386114,0,0
b2133,0,0,-9.504523151146259e-14,0,0
b4382,-0.0003557569563270193,0,-2.0602551372817635e-13,0,0
b0593,0,0,0,0,0
b1090,0,0,-2.6897461474111886e-14,0,0
b4084,0,0,-1.10754253128696e-14,0,0
b4119,0,0,-1.695218160133102e-15,0,0
b3454,0,0,3.92160467710791e-14,0,0
b2678,0,0,0,0,0
b0063,0,0,7.730194810206945e-14,0,0
b2564,-1.0,e,-1.0,e,e
b1238,-0.01209552704611823,-,5.4925068388312505e-14,0,e
b1300,0,0,-8.634311162277933e-14,0,0
b1277,-1.0,e,-1.0,e,e
b0615,0,0,-9.425412970340047e-14,0,0
b2025,-1.0,e,-1.0,e,0
b3321,-1.0,e,,,e
b4192,0,0,-1.3516539463461268e-13,0,0
b3132,0,0,0,0,0
b3650,0,0,0,0,e
b2551,-1.0,e,-0.014263932384782367,-,e
b0112,0,0,-1.141446894489622e-14,0,0
b3630,0,0,-5.503808293232138e-14,0,0
b4196,0,0,0,0,0
b0508,0,0,-3.3000246850591055e-14,0,0
b1390,0,0,4.3171555811389667e-14,0,e
b3930,0,0,-7.718893355806058e-14,0,0
b3591,0,0,-3.548656681878627e-14,0,0
b0077,0.8281173148377968,+,0,0,0
b3627,0,0,5.130860298002856e-14,0,0
b1084,-1.0,e,,,e
b4230,0,0,0,0,0
b0584,0,0,7.79800353661227e-15,0,0
b0529,-1.0,e,-0.011883202710426683,-,0
b3804,-1.0,e,-1.0,e,e
b0572,0,0,-4.8257210291788975e-14,0,0
b1521,0,0,-3.6277668626848383e-14,0,0
b3175,-1.0,e,,,0
b3779,0,0,0,0,0
b0428,-0.6125821691122559,-,-2.4863199681952165e-14,0,0
b3578,0,0,2.113371972965934e-14,0,0
b3925,0,0,0,0,0
b3282,-1.0,e,,,0
b4085,0,0,-1.073638168084298e-13,0,0
b0639,-1.0,e,-0.9999999999992303,e,e
b1246,0,0,-7.978826807026468e-14,0,e
b1859,0,0,-3.6616712258875004e-14,0,0
b1524,0,0,0,0,0
b2741,-0.7423269140695161,-,,,0
b2307,0,0,-1.525696344119792e-14,0,0
b0002,0,0,0,0,0
b4383,0,0,-8.3065689846522e-14,0,0
b1301,0,0,-4.486677397152277e-14,0,0
b1192,0,0,8.826435887093019e-14,0,0
b0340,0,0,4.497978851553164e-14,0,e
b3541,0,0,-1.1855225666530828e-13,0,0
b1467,0,0,0,0,0
b3622,0,0,1.0171308960798613e-14,0,0
b2035,0,0,-1.2668930383394716e-13,0,0
b0616,0,0,-9.425412970340047e-14,0,0
b0810,0,0,1.7065196145339895e-14,0,e
b2286,-0.2890512101621024,-,-0.11072915513561345,-,0
b3224,0,0,8.792531523890356e-14,0,0
b2029,0.5972640859978674,+,-0.006983373266604799,0,0
b2066,0,0,-1.5110044533986384e-13,0,0
b0452,1.1734904474710464,+,-0.010520690315369709,-,0
b2264,0,0,6.204498466087154e-14,0,0
b4035,0,0,-1.7189512143749655e-13,0,0
b2170,0,0,0,0,0
b3553,0,0,-5.311683568417053e-14,0,0
b1378,1.3416896047972853,+,0,0,0
b3416,0,0,-3.503450864275078e-15,0,0
b0511,0,0,3.040091233838697e-14,0,0
b1216,0,0,-6.147991194082717e-14,0,0
b3623,0,0,1.9551516113535112e-14,0,0
b0731,0,0,5.820249016456984e-14,0,0
b1623,0,0,-1.0747683135243868e-13,0,0
b1133,-1.0,e,,,e
b2235,0,0,0,0,e
b2373,0,0,-1.729122523335764e-14,0,0
b3295,-1.0,e,,,e
b3450,0,0,-1.469189072115355e-15,0,0
b2132,0,0,-2.7462534194156253e-14,0,0
b2963,0,0,0,0,0
b1466,0,0,0,0,0
b0777,-1.0,e,-1.0,e,0
b3231,-1.0,e,,,e
b0099,-0.06918359762964386,-,0,0,0
b4019,0,0,0,0,0
b1325,0,0,-4.950037027588658e-14,0,0
b3296,-1.0,e,,,e
b2279,-0.2890512101621024,-,-0.11072915513561345,-,0
b1812,-1.0,e,-1.0,e,0
b1326,0,0,-1.7438144140569177e-13,0,e
b0314,0,0,0,0,0
b1692,0.27728180186743817,+,-9.696647875961344e-14,0,0
b4040,-1.0,e,-1.0,e,0
b2687,-1.0,e,-1.0,e,0
b3738,0.03205300819254632,+,0,0,0
b1009,0,0,-9.12027370151609e-14,0,0
b3428,0,0,0,0,0
b1622,2.217229007977126,+,0,0,0
b4231,0,0,0,0,0
b1992,0,0,-1.930288411671559e-13,0,0
b0365,0,0,5.164764661205518e-14,0,0
b2198,0,0,-3.6616712258875004e-14,0,0
b1344,-1.0,e,,,0
b1870,-1.0,e,,,0
b2097,0,0,0,0,0
b0172,-1.0,e,,,e
b3571,0,0,-2.8931723266271607e-14,0,0
b0092,0,0,0,0,e
b0875,0,0,0,0,0
b3457,0,0,3.92160467710791e-14,0,0
b1241,0,0,0,0,0
b0431,-0.6125821691122559,-,-0.09039367653705294,-,0
b2683,0,0,0,0,0
b2791,-1.0,e,,,0
b2914,0,0,0,0,0
b2893,0,0,-1.1448373308098884e-13,0,0
b3464,-1.0,e,,,e
b1380,0,0,0,0,0
b3540,0,0,-1.1855225666530828e-13,0,0
b2200,0,0,-3.6616712258875004e-14,0,0
b0859,-1.0,e,,,0
b3957,-1.0,e,-1.0,e,0
b1308,0,0,-3.526053773076852e-14,0,e
b4254,-0.8129937517406582,-,0,0,0
b0589,0,0,-5.944565014866744e-14,0,0
b3371,0,0,-1.7528555775776276e-13,0,0
b3384,-1.0,e,-2.8366650546227243e-14,0,e
b4073,0,0,-5.6055213828401246e-14,0,0
b0343,0,0,-1.7019990327736344e-13,0,0
b2610,-1.0,e,,,e
b1991,0,0,-7.538070085391861e-14,0,0
b2912,0,0,-4.3171555811389667e-14,0,0
b2341,1.776017389548209,+,0,0,0
b2600,-1.0,e,-1.0,e,0
b1805,0,0,0,0,0
b2183,-1.0,e,,,0
b3951,0,0,0,0,0
b0007,0,0,1.4465861633135803e-14,0,0
b1871,-1.0,e,,,e
b2257,0,0,-2.4953611317159265e-13,0,0
b1092,-1.0,e,-1.0,e,e
b0767,0.6125703843655832,+,-0.006983373266675207,0,0
b3983,-1.0,e,,,e
b3165,-1.0,e,,,e
b4131,0,0,0,0,0
b3826,0,0,0,0,0
b3843,0,0,-1.0,e,0
b4088,0,0,-6.600049370118211e-14,0,0
b2606,-1.0,e,,,e
b2276,-0.2890512101621024,-,-0.11072915513561345,-,0
b3202,-0.023908664558678225,-,,,e
b3919,2.1330915951958977,+,-0.03595206213069821,-,0
b3052,0,0,8.928148976701004e-15,0,0
b2715,0,0,0,0,0
b1064,0,0,0,0,0
b2947,0,0,-1.2623724565791167e-13,0,e
b0636,-1.0,e,,,e
b3318,-1.0,e,,,e
b0047,0,0,0,0,0
b4200,-1.0,e,,,e
b3127,0,0,0,0,0
b2407,0,0,6.30621155569514e-14,0,0
b2224,0,0,0,0,0
b0628,-0.559342390962544,-,3.413039229067979e-14,0,0
b2937,0,0,-2.4863199681952165e-14,0,0
b0173,-1.0,e,-1.0,e,e
b0729,2.0880648382371874,+,-0.0029439445967727436,0,0
b4195,0,0,-7.899716626220256e-14,0,0
b2022,-1.0,e,-1.0,e,0
b3005,0,0,-6.758269731730634e-14,0,0
b3117,1.3017696213326666,+,0,0,0
b3706,-1.0,e,,,e
b0736,0,0,-6.848681366937732e-14,0,e
b2425,0,0,0,0,0
b3429,-1.0,e,-1.307578274182666e-13,0,0
b1014,0,0,7.187724998964353e-14,0,0
b4233,0,0,-6.272307192492478e-14,0,0
b1131,-1.0,e,-0.9999999999984889,e,0
b4407,-1.0,e,-1.0,e,0
b2747,-1.0,e,-1.0,e,e
b1262,-1.0,e,-1.0,e,0
b2024,-1.0,e,-1.0,e,0
b3300,-1.0,e,,,e
b0937,0,0,0,0,0
b4015,0,0,3.3000246850591055e-14,0,0
b2130,0,0,1.299667256102045e-14,0,0
b1469,0,0,0,0,0
b2935,0,0,0,0,e
b3265,0,0,0,0,0
b3247,-1.0,e,,,0
b3588,0,0,-8.487392255066397e-14,0,0
b0839,0,0,0,0,0
b3580,0,0,9.018560611908103e-14,0,0
b0090,-1.0,e,-1.0,e,e
b0678,0,0,-7.210327907766127e-14,0,0
b0932,0,0,0,0,0
b0972,0,0,0,0,e
b0171,0,0,0,0,e
b1702,0,0,0,0,e
b1302,0,0,0,0,0
b4258,-1.0,e,-1.0996315132063389e-13,0,e
b4289,0,0,-9.594934786353358e-14,0,0
b0517,0,0,-8.995957703106328e-14,0,0
b0207,0,0,0,0,0
b3958,-1.0,e,-1.0,e,e
b4042,0,0,-1.6330601609282217e-13,0,0
b2559,-1.0,e,,,e
b2738,0,0,0,0,0
b2719,0,0,0,0,0
b2153,-1.0,e,-1.0,e,e
b3752,0,0,-3.3000246850591055e-14,0,0
b0612,0,0,-3.2774217762573307e-15,0,0
b2222,0,0,-4.520581760354939e-14,0,0
b3451,0,0,-1.469189072115355e-15,0,0
b1319,0,0,0,0,0
b3959,-1.0,e,-1.0,e,0
b1395,0,0,-1.141446894489622e-14,0,0
b1377,1.5070796491619578,+,0,0,0
b3577,0,0,2.113371972965934e-14,0,0
b0153,0,0,-1.2748040564200928e-13,0,0
b2515,-1.0,e,0,0,e
b1117,-1.0,e,,,e
b1008,0,0,0,0,0
b3311,-1.0,e,,,e
b3182,0,0,0,0,0
b4301,0,0,0,0,0
b0186,0,0,0,0,0
b2500,1.5563998563135373,+,-0.0015634130752709217,0,0
b4005,-1.0,e,-1.0,e,0
b1209,-1.0,e,,,0
b3741,-1.0,e,,,0
b0368,0,0,5.424698112425927e-15,0,0
b3256,-1.0,e,-1.0,e,e
b0474,0.4158029341398225,+,-4.294552672337192e-14,0,e
b2023,-1.0,e,-1.0,e,0
b3035,0,0,-5.5377126564348e-14,0,0
b1486,0,0,0,0,0
b1033,0,0,0,0,e
b0388,0,0,0,0,0
b3903,0,0,-7.515467176590086e-14,0,0
b1208,-1.0,e,-1.0,e,e
b3290,0,0,0,0,0
b3725,0,0,0,0,0
b4072,0,0,-5.6055213828401246e-14,0,0
b1441,0,0,0,0,e
b0758,0,0,-1.0024390053587077e-13,0,0
b2104,0,0,-3.051392688239584e-14,0,0
b2663,0,0,0,0,0
b1102,0,0,0,0,0
b3792,0,0,-3.345230502662655e-14,0,0
b2745,-1.0,e,,,0
b4154,0,0,7.899716626220256e-14,0,0
b3067,-1.0,e,,,e
b4287,0,0,-9.594934786353358e-14,0,0
b0621,0,0,0,0,0
b2309,0,0,-9.176780973520526e-14,0,0
b1473,0,0,0,0,0
b3626,0,0,-5.989770832470293e-14,0,0
b1900,0,0,0,0,e
b3945,0,0,-1.8161437222225967e-13,0,0
b2841,0,0,-1.2657628928993829e-14,0,0
b0070,0,0,0,0,0
b0886,0,0,-1.3358319101848844e-13,0,e
b1822,-1.0,e,,,0
b0353,0,0,-1.0645970045635881e-13,0,0
b2996,0,0,0,0,0
b2954,0,0,-2.282893788979244e-14,0,0
b2607,-1.0,e,,,e
b0891,-1.0,e,,,e
b2802,0,0,-6.554843552514662e-14,0,0
b1135,-1.0,e,,,0
b2662,0,0,0,0,0
b0596,0,0,-4.690103576368249e-14,0,0
b0783,0,0,-1.0,e,0
b3057,0,0,0,0,0
b4036,0,0,6.272307192492478e-14,0,0
b1007,0,0,0,0,0
b4079,0,0,0,0,0
b1444,0,0,-6.47573337170845e-14,0,0
b3714,0,0,0,0,0
b3609,-1.0,e,,,e
b1015,0,0,-1.4047707820302973e-13,0,0
b4055,0,0,-1.4239832545118057e-14,0,0
b1478,0,0,0,0,0
b3693,0,0,-1.547169107481478e-13,0,0
b4014,-0.09220194939927107,-,0,0,0
b0871,0,0,0,0,0
b3774,-1.0,e,-1.0,e,0
b3637,-1.0,e,,,e
b1391,0,0,4.3171555811389667e-14,0,0
b3739,0,0,0,0,0
b3860,0,0,8.363076256656637e-15,0,e
b0110,0,0,-2.3495723699444796e-13,0,0
b4143,-1.0,e,,,e
b0842,0,0,0,0,0
b4129,0.36145894521440836,+,0,0,0
b3312,-1.0,e,,,e
b0238,0.5856892671330916,+,-6.47573337170845e-14,0,0
b1211,-1.0,e,,,e
b1443,0,0,0,0,e
b1590,0,0,1.2928863834615126e-13,0,0
b1463,0,0,-2.5315257857987658e-14,0,e
b2904,0,0,-0.00016983157561132218,0,0
b0864,0,0,0,0,0
b3062,0,0,-1.853438521745525e-14,0,0
b2374,0,0,-2.2037836081730327e-14,0,0
b0334,0,0,-1.1855225666530828e-13,0,0
b2794,-1.0,e,-2.282893788979244e-14,0,0
b2039,0,0,0,0,0
b4111,0,0,1.2759342018601815e-13,0,0
b3729,-1.0,e,-1.0,e,e
b3728,0,0,0,0,0
b2174,0,0,0,0,0
b4033,0,0,-1.7189512143749655e-13,0,0
b3704,-1.0,e,,,e
b0750,-1.0,e,-1.0,e,0
b3939,-1.0,e,-1.0,e,0
b1744,0,0,1.5822036161242286e-15,0,0
b3164,-1.0,e,,,e
b3632,0,0,-1.6127175430066243e-13,0,0
b2258,0,0,-1.103021949526605e-13,0,0
b3625,0,0,-5.582918474038349e-14,0,0
b2617,-1.0,e,,,0
b0837,0,0,0,0,0
b0406,-1.0,e,,,0
b3670,0,0,0,0,0
b0159,-1.0,e,-1.0,e,e
b3526,0,0,-6.633953733320872e-14,0,0
b1711,0,0,-4.565787577958488e-14,0,0
b4291,0,0,-1.3516539463461268e-13,0,0
b3607,-1.0,e,-1.0,e,e
b3990,-1.0,e,-1.0,e,0
b4136,0,0,-4.5431846691567134e-14,0,0
b4053,-0.6864927841089578,-,0,0,0
b0174,-1.0,e,-1.0,e,e
b3967,-1.0,e,-1.0,e,e
b0339,0.08963466302200204,+,0,0,0
b0764,0,0,0,0,0
b0188,-1.0,e,,,0
b0752,0,0,0,0,0
b0150,0,0,0,0,0
b3493,1.3313339434187306,+,0,0,0
b0053,-1.0,e,,,0
b1528,0,0,0,0,0
b2573,-1.0,e,,,0
b0158,0,0,-4.565787577958488e-14,0,0
b2704,0,0,-4.4075672163460654e-14,0,0
b0480,0,0,-6.114086830880055e-14,0,0
b4194,0,0,-7.899716626220256e-14,0,0
b0822,0,0,0,0,0
b3893,0,0,0,0,0
b3166,-1.0,e,,,0
b3236,1.497802094080968,+,-0.01626386045271276,-,0
b2429,0,0,-1.4861412537166862e-13,0,0
b0698,0,0,0,0,0
b4151,0,0,7.899716626220256e-14,0,e
b0386,-1.0,e,-0.9999999999998893,e,e
b2256,0,0,1.10754253128696e-14,0,0
b0856,0,0,0,0,0
b2053,0,0,0,0,0
b1587,0,0,1.2928863834615126e-13,0,0
b2034,0,0,-6.193197011686267e-14,0,0
b0014,-1.0,e,,,e
b0936,0,0,-1.729122523335764e-14,0,0
b2416,1.4531691700745262,+,-4.418868670746953e-14,0,0
b1981,0,0,-5.481205384430363e-14,0,0
b0344,0,0,1.5064838716382835e-13,0,0
b2661,0,0,0,0,0
b2477,-1.0,e,,,0
b0451,0,0,0,0,0
b2311,-0.30410381797588926,-,-1.0,e,e
b2435,0,0,0,0,0
b0027,-1.0,e,,,e
b1746,0,0,-1.3448730737055943e-14,0,0
b2521,0,0,-9.527126059948034e-14,0,0
b3544,0,0,-1.1855225666530828e-13,0,0
b0134,-1.0,e,-1.0,e,0
b2927,0,0,0,0,0
b2268,0,0,,,0
b0651,0,0,0,0,0
b3559,-1.0,e,0,0,e
b1197,0,0,-7.752797719008721e-14,0,0
b1484,0,0,0,0,0
b2690,0.8324989949821333,+,0,0,0
b1397,0,0,-1.0306926413609261e-13,0,0
b3566,0,0,0,0,0
b3040,-0.16878515035845057,-,-1.0,e,0
b0261,0,0,-1.3109687105029323e-13,0,0
b0585,0,0,6.102785376479168e-14,0,0
b3415,0,0,0,0,0
b3568,0,0,0,0,0
b2519,0.45266994979527336,+,0,0,0
b3059,0,0,1.0928506405658065e-13,0,0
b1059,0,0,-4.418868670746953e-14,0,0
b2563,0,0,0,0,e
b2751,-1.0,e,-1.0,e,0
b2489,0,0,0,0,0
b2889,0,0,-1.5189154714792594e-13,0,0
b2278,-0.2890512101621024,-,-0.11072915513561345,-,0
b0595,0,0,-2.0975499368046916e-13,0,0
b3503,0,0,0,0,0
b0029,-1.0,e,-1.0,e,e
b1291,0,0,0,0,0
b3737,0.03205300819254632,+,0,0,0
b2417,-0.8829742375853831,-,-5.300382114016166e-14,0,0
b1533,0,0,0,0,0
b2943,-0.053200828105226285,-,1.2205570752958336e-14,0,0
b3806,0,0,0,0,0
b0733,0,0,0,0,e
b1118,-1.0,e,,,e
b2579,0,0,0,0,e
b4180,-1.0,e,,,0
b1800,0,0,-5.0517501171966443e-14,0,0
b0654,0,0,0,0,0
b1487,0,0,0,0,0
b3617,0,0,4.1476337651256566e-14,0,0
b2675,0,0,0,0,0
b0524,-1.0,e,-1.0,e,e
b3319,-1.0,e,,,e
b2997,0,0,0,0,0
b2440,0,0,-1.1256248583283798e-13,0,0
b3255,-1.0,e,-1.0,e,e
b3368,-1.0,e,-1.0,e,0
b4321,0,0,-2.2037836081730327e-14,0,0
b4227,0,0,0,0,0
b4166,-1.0,e,,,0
b0072,-1.0,e,-1.0,e,0
b1091,-1.0,e,-1.0,e,e
b4069,0,0,-1.069117586323943e-13,0,0
b3309,-1.0,e,,,e
b0523,-1.0,e,-1.0,e,0
b1857,0,0,-3.6616712258875004e-14,0,0
b1224,0,0,0,0,0
b0832,0,0,4.85962539238156e-15,0,0
b2609,-1.0,e,,,e
b0369,-1.0,e,-1.0,e,e
b0692,0,0,-6.35141737329869e-14,0,0
b0765,0,0,0,0,0
b0627,0,0,,,0
b3904,0,0,0,0,0
b3610,0,0,0,0,0
b2595,-1.0,e,,,0
b0934,0,0,-1.729122523335764e-14,0,0
b0884,-1.0,e,,,e
b2379,0,0,0,0,0
b2574,-1.0,e,-1.0,e,0
b1773,0,0,0,0,0
b0348,0,0,-3.5034508642750776e-14,0,0
b1740,-1.0,e,-1.0,e,e
b3001,0,0,0,0,0
b0071,-1.0,e,-1.0,e,0
b2277,-0.2890512101621024,-,-0.11072915513561345,-,0
b3631,0,0,-1.469189072115355e-14,0,0
b2154,0,0,0,0,0
b2436,-0.6877401457366903,-,-4.2544823116269884e-05,0,0
b0336,0,0,-1.708779905414167e-13,0,0
b2388,-0.053200828105226285,-,-3.051392688239584e-14,0,0
b2415,1.4531691700745262,+,2.0839881915236268e-13,0,0
b3116,0,0,-1.6940880146930134e-13,0,0
b4077,0,0,-7.560672994193635e-14,0,0
b3342,-1.0,e,,,e
b0948,-1.0,e,,,0
b4193,0,0,-7.899716626220256e-14,0,0
b0613,0,0,-1.0623367136834107e-14,0,0
b2903,0,0,-0.00016983157561132218,0,0
b3732,0.03205300819254632,+,0,0,0
b0469,0,0,0,0,e
b3063,0,0,-1.4985728535576623e-13,0,0
b3172,-1.0,e,-1.0,e,0
b4460,0,0,0,0,0
b4041,-0.9800977003195194,-,-2.843445927263257e-13,0,e
b0429,-0.6125821691122559,-,-0.09039367653705294,-,e
b0030,0,0,-8.532598072669947e-14,0,0
b3784,0,0,-3.390436320266204e-15,0,0
b1745,0,0,-9.323699880732062e-14,0,e
b0036,0,0,-1.9788846655953744e-13,0,0
b0125,0,0,0,0,0
b0888,-1.0,e,0,0,0
b2799,0,0,-6.8938871845412815e-15,0,0
b3034,0,0,0,0,0
b2253,0,0,-1.2883658017011576e-14,0,0
b2502,0,0,0,0,0
b2585,-1.0,e,-1.0,e,e
b0180,-1.0,e,-1.0,e,e
b1453,0,0,-7.086011909356367e-14,0,0
b3942,0,0,0,0,0
b2895,0.5050929898077681,+,0,0,0
b2703,0,0,-4.4075672163460654e-14,0,0
b3519,0,0,-6.679159550924422e-14,0,0
b2575,-1.0,e,,,0
b1993,0,0,3.785987224297261e-14,0,0
b1605,0,0,-2.641149893487373e-13,0,0
b3288,-1.0,e,-1.6172381247669793e-13,0,e
b0124,0,0,0,0,0
b2533,0,0,1.4013803457100311e-14,0,e
b3225,0,0,-1.1301454400887348e-13,0,0
b3727,0,0,0,0,0
b0968,0,0,-7.131217726959917e-14,0,0
b0910,-0.9484012423988106,-,-0.0022459383619142168,0,e
b1778,0,0,0,0,0
b3791,0,0,-1.1425770399297108e-13,0,0
b0828,0,0,0,0,0
b2281,-0.2890512101621024,-,-0.11072915513561345,-,0
b2705,0,0,-5.503808293232138e-14,0,0
b4160,-1.0,e,-1.0,e,0
b2263,0,0,-6.068881013276505e-14,0,0
b1468,0,0,0,0,0
b0693,0,0,0,0,0
b3908,0,0,0,0,0
b3449,0,0,-6.023675195672956e-14,0,0
b0403,0,0,-9.832265328771993e-15,0,0
b1718,-1.0,e,,,e
b1002,0,0,0,0,0
b2498,0,0,0,0,0
b3770,-1.0,e,-1.0,e,0
b1264,-1.0,e,-1.0,e,0
b1476,0,0,0,0,0
b1388,0,0,4.3171555811389667e-14,0,0
b3735,0.03205300819254632,+,0,0,0
b0169,-1.0,e,,,e
b3201,-1.0,e,-1.0,e,e
b2464,0,0,0,0,0
b3823,0,0,0,0,0
b1591,0,0,,,0
b1640,0,0,8.566502435872609e-14,0,0
b0015,-1.0,e,,,0
b3927,0,0,-9.617537695155132e-14,0,0
b3455,0,0,3.92160467710791e-14,0,0
b1012,0,0,0,0,0
b3341,-1.0,e,,,e
b0591,0,0,-6.396623190902239e-14,0,0
b2526,1.143250019562884,+,,,e
b4288,0,0,-9.594934786353358e-14,0,0
b1677,-1.0,e,-3.729479952292824e-15,0,0
b3403,0,0,1.039733804881636e-14,0,0
b3397,0,0,0,0,0
b2987,0,0,0,0,0
b0894,0,0,0,0,0
b2532,-1.0,e,,,0
b0347,0,0,-3.446943592270641e-14,0,0
b2923,0,0,-7.470261358986537e-14,0,e
b1835,-1.0,e,,,0
b1584,0,0,0,0,0
b2827,-1.0,e,-1.0,e,e
b0954,0,0,-1.0668572954437656e-13,0,e
b1734,0,0,8.125745714238002e-14,0,0
b3709,0,0,0,0,0
b3651,-1.0,e,,,0
b0459,0,0,-4.102427947522107e-14,0,0
b2979,0.7185133110543143,+,-1.5261059481337385e-05,0,0
b3825,0,0,-7.617180266198072e-14,0,0
b0826,0,0,-1.0,e,0
b4311,0,0,0,0,0
b1801,0,0,0,0,0
b1086,-1.0,e,,,0
b2482,0,0,0,0,0
b1210,-1.0,e,-1.0,e,0
b0241,0,0,0,0,0
b0096,-1.0,e,-1.0,e,e
b0662,0,0,-5.0969559348001937e-14,0,0
b1717,-1.0,e,,,e
b1250,0,0,0,0,0
b4384,-0.9667539916543342,-,-5.6055213828401246e-14,0,0
b1519,0,0,-6.554843552514662e-14,0,0
b1684,0,0,-1.1211042765680249e-13,0,e
b1662,-1.0,e,-1.0,e,e
b3850,0.1539505235737462,+,-1.0,e,e
b1858,0,0,-3.6616712258875004e-14,0,0
b0381,-0.734213726578604,-,0,0,0
b1263,-1.0,e,-1.0,e,0
b1716,-1.0,e,,,e
b4123,0,0,1.7991915406212656e-13,0,0
b0131,-1.0,e,-1.0,e,0
b1389,0,0,4.3171555811389667e-14,0,0
b2143,0,0,-5.582918474038349e-14,0,0
b3988,-1.0,e,,,e
b0696,0,0,0,0,0
b0757,0,0,0,0,0
b2720,0,0,0,0,e
b1704,0,0,0,0,e
b3297,-1.0,e,,,e
b1288,-1.0,e,-1.0,e,e
b0914,-1.0,e,-1.0,e,e
b2490,0,0,0,0,0
b3940,0.19034097884534504,+,0,0,0
b3041,-1.0,e,-1.0,e,e
b3984,-1.0,e,,,e
b4198,0,0,0,0,0
b0576,0,0,0,0,0
b0049,0,0,-9.176780973520526e-14,0,0
b0720,-1.0,e,-1.0,e,0
b3179,-1.0,e,,,e
b4513,0,0,0,0,0
b1651,0,0,-2.8931723266271607e-14,0,e
b3771,-1.0,e,-1.0,e,0
b2215,0,0,0,0,0
b2310,0,0,-1.525696344119792e-14,0,0
b1896,0,0,-9.086369338313427e-14,0,0
b2507,-1.0,e,-1.0,e,0
b0521,0,0,0,0,e
b0004,-1.0,e,-1.0,e,0
b1603,0,0,-5.379492294822377e-14,0,0
b0484,0,0,0,0,0
b2557,-1.0,e,-0.9999999999991874,e,0
b3581,0,0,0,0,0
b0512,0,0,-5.19866902440818e-15,0,0
b0405,-1.0,e,,,0
b1136,-1.0,e,-1.0,e,0
b2092,0,0,3.209613049852007e-14,0,0
b0432,-0.6125821691122559,-,-0.09039367653705294,-,0
b3092,0,0,-1.19682402105397e-13,0,0
b0031,-1.0,e,-1.0,e,e
b3186,-1.0,e,,,e
b1245,0,0,-7.978826807026468e-14,0,e
b0355,0,0,0,0,0
b4197,0,0,-2.0342617921597226e-15,0,0
b0575,0,0,-4.8257210291788975e-14,0,0
b1474,0,0,0,0,0
b1865,0,0,0,0,e
b3730,-1.0,e,-1.0,e,e
b3665,0,0,0,0,0
b1855,0,0,2.8931723266271607e-14,0,0
b3740,-1.0,e,,,0
b1912,-1.0,e,-9.448015879141822e-14,0,e
b3846,1.777348240044957,+,-0.0031099146209018222,0,0
b0963,0,0,-1.0871999133653628e-13,0,e
b3621,0,0,-3.650369771486613e-14,0,e
b3385,0,0,-6.396623190902239e-14,0,0
b0887,0,0,-1.3358319101848844e-13,0,e
b0417,-1.0,e,-1.0,e,e
b0638,0,0,-4.486677397152277e-14,0,0
b2328,0,0,0,0,0
b0425,-0.6493629703896616,-,0,0,0
b1134,0,0,0,0,0
b0430,-0.6125821691122559,-,-0.09039367653705294,-,0
b0974,0,0,0,0,e
b3633,-1.0,e,-1.0,e,e
b3726,0,0,0,0,0
b3114,-0.9456686538893367,-,0,0,0
b2168,0,0,-5.130860298002856e-14,0,0
b2378,0,0,-8.589105344674384e-14,0,0
b3575,0,0,-8.250061712647764e-14,0,0
b0657,-1.0,e,-3.729479952292824e-15,0,e
b2147,0,0,-7.515467176590086e-14,0,0
b3302,-1.0,e,,,e
b2169,0,0,0,0,0
b2905,0,0,-0.00016983157561132218,0,0
b4122,0,0,-7.436356995783874e-14,0,0
b2205,0,0,-5.865454834060533e-14,0,0
b2746,-1.0,e,-1.0,e,e
b2578,0,0,0,0,0
b0200,0,0,-9.832265328771993e-15,0,0
b3579,0,0,2.113371972965934e-14,0,0
b3350,0,0,0,0,0
b3751,0,0,0,0,0
b1634,0,0,0,0,e
b2676,0,0,0,0,0
b2424,0,0,0,0,0
b2096,0,0,0,0,0
b0594,0,0,-7.4137540869821e-14,0,0
b2890,-0.019027022063909008,-,0,0,0
b2517,-1.0,e,,,0
b1094,-1.0,e,-1.0,e,e
b2474,-1.0,e,,,0
b0098,-1.0,e,,,e
b4087,0,0,-6.600049370118211e-14,0,0
b1876,-1.0,e,0,0,e
b2393,0,0,0,0,0
b1225,0,0,0,0,0
b1759,0,0,0,0,0
b3639,-1.0,e,-1.0,e,e
b2615,-1.0,e,-1.0,e,e
b0352,0,0,2.972282507433372e-14,0,0
b2478,-1.0,e,-1.0,e,e
b2801,0,0,-1.350523800906038e-13,0,0
b2316,-1.0,e,-1.0,e,e
b2975,0,0,0,0,0
b2811,0,0,,,e
b3543,0,0,-1.1855225666530828e-13,0,0
b0726,2.2616841193012025,+,-0.0047329056426945884,0,e
b3916,1.8793390404655217,+,-1.57203230716343e-13,0,0
b0312,0,0,-4.396265761945178e-14,0,0
b3475,-0.0003272204571328806,0,0,0,0
b1661,0,0,-1.5143948897189047e-14,0,0
b1206,1.0832621468386097,+,-0.0007839447802427764,0,0
b0156,-0.08292000808007013,-,,,0
b3169,-1.0,e,,,e
b3008,0,0,0,0,0
b3867,0,0,-1.0329529322411035e-13,0,0
b3528,0,0,6.328814464496915e-14,0,0
b1483,0,0,0,0,0
b1278,0,0,-1.7517254321375388e-14,0,0
b0307,0,0,0,0,0
b1588,0,0,1.2928863834615126e-13,0,0
b1199,0,0,0,0,e
b3882,0,0,-4.139722747045035e-13,0,0
b3425,0,0,2.8027606914200623e-14,0,0
b2891,-1.0,e,,,e
b2721,0,0,0,0,0
b0463,0,0,0,0,0
b1854,0,0,0,0,0
b2155,0,0,0,0,0
b4049,0,0,,,0
b2280,-0.2890512101621024,-,-0.11072915513561345,-,0
b0222,0,0,-1.256721729378673e-13,0,0
b0722,0.5060383720358845,+,-0.026141516664369008,-,0
b3437,0,0,0,0,0
b4152,0,0,7.899716626220256e-14,0,0
b0152,0,0,-1.2748040564200928e-13,0,0
b1260,-1.0,e,-1.0,e,0
b4245,-1.0,e,0,0,0
b0688,0,0,0,0,0
b1011,0,0,0,0,e
b2202,0,0,-9.165479519119639e-14,0,0
b0781,0,0,-1.0,e,0
b1814,0,0,0,0,0
b0903,0,0,0,0,0
b0509,0,0,0,0,0
b3952,0,0,0,0,0
b1851,1.5919751329445142,+,-4.396265761945178e-14,0,0
b4358,0,0,4.407567216346065e-15,0,0
b4485,0,0,0,0,0
b1286,0,0,,,0
b0306,0,0,0,0,0
b4293,0,0,,,0
b2167,0,0,0,0,0
b1185,0,0,8.363076256656637e-15,0,0
b2207,0,0,,,0
b0003,-1.0,e,-1.0,e,0
b3671,0,0,0,0,0
b2041,0,0,0,0,0
b0969,-1.0,e,,,0
b4237,0,0,0,0,0
b0475,0.1539505235737462,+,-1.0,e,e
b2049,0,0,0,0,0
b2883,0,0,-5.232573387610842e-14,0,0
b3824,0,0,0,0,0
b2788,0,0,0,0,0
b1709,0,0,-4.565787577958488e-14,0,0
b0366,0,0,5.164764661205518e-14,0,0
b3432,0,0,0,0,0
b0194,-1.0,e,0,0,e
b1606,0,0,-4.158935219526544e-14,0,0
b0308,0,0,0,0,0
b0732,0,0,-1.8760414305472995e-14,0,0
b3313,-1.0,e,,,e
b3838,0,0,,,0
b4219,0,0,0,0,0
b3469,0,0,0,0,0
b0650,0,0,0,0,0
b4034,0,0,-1.7189512143749655e-13,0,0
b2287,-0.2890512101621024,-,-0.11072915513561345,-,0
b0115,-0.10764552903768959,-,-0.017411255049437364,-,e
b3189,-1.0,e,-1.0,e,e
b3299,-1.0,e,,,e
b2817,0,0,0,0,0
b2483,0,0,0,0,0
b0061,0,0,0,0,0
b3366,0,0,2.0568647009614973e-14,0,0
b4374,-4.589978301135875e-05,0,0,0,0
b2785,-1.0,e,,,0
b2787,0,0,0,0,0
b0918,-1.0,e,-1.0,e,e
b1281,-1.0,e,-0.9999999999999253,e,e
b1252,0,0,-6.758269731730634e-14,0,e
b1226,0,0,0,0,0
b3788,0,0,0,0,0
b1363,0,0,0,0,0
b4467,0.7185133110543143,+,-1.5261059481337385e-05,0,0
b3946,0,0,0,0,0
b0583,0,0,-7.289438088572339e-14,0,0
b1109,0,0,-1.1403167490495335e-13,0,0
b2523,0,0,0,0,0
b3287,-1.0,e,,,e
b1186,0,0,3.051392688239584e-15,0,0
b3599,0,0,-1.4047707820302973e-13,0,0
b0724,0.5060383720358845,+,-0.026141516664369008,-,0
b0677,0,0,-9.221986791124075e-14,0,0
b0674,-0.45634684263906783,-,0,0,0
b2033,0,0,-6.961695910946606e-14,0,0
b3303,-1.0,e,,,e
b1817,0,0,-5.379492294822377e-14,0,0
b0404,0,0,-1.469189072115355e-15,0,0
b1819,0,0,-5.379492294822377e-14,0,0
b3551,0,0,-1.5030934353180172e-13,0,0
b2514,-1.0,e,0,0,e
b1901,0,0,0,0,e
b2587,0,0,-1.4624081994748228e-13,0,0
b2306,0,0,-1.525696344119792e-14,0,0
b3875,0,0,0,0,0
b2021,-1.0,e,-1.0,e,0
b3807,-0.7152275863329155,-,-1.0,e,0
b3831,-0.008859121620230887,0,-6.520939189311999e-14,0,0
b3902,0,0,1.1516182034504207e-13,0,e
b1710,0,0,-1.5189154714792594e-13,0,e
b0841,0.8169734321819364,+,0,0,0
b1599,0,0,0,0,e
b3972,-1.0,e,-1.0,e,e
b3266,0,0,0,0,0
b4169,0,0,0,0,0
b4232,0,0,0,0,0
b0632,0,0,0,0,0
b1107,0,0,-5.910660651664083e-14,0,0
b4242,0,0,0,0,0
b3409,0,0,0,0,0
b1126,0,0,0,0,0
b4132,0,0,-6.98429881974838e-14,0,0
b0331,0,0,-8.351774802255749e-14,0,0
b0446,0,0,0,0,0
b0751,0,0,-1.729122523335764e-14,0,0
b3909,0,0,-4.9274341187868836e-14,0,0
b2701,0,0,0,0,0
b2995,0,0,0,0,0
b3996,0,0,0,0,0
b1124,0,0,0,0,e
b4261,-1.0,e,-1.0,e,e
b2221,0,0,-4.520581760354939e-14,0,0
b0590,0,0,-5.944565014866744e-14,0,0
b3185,-1.0,e,,,e
b1907,0,0,0,0,0
b1298,0,0,-4.769213757174461e-14,0,0
b2406,0,0,-1.7517254321375388e-14,0,0
b3281,0,0,0,0,0
b2964,0,0,-8.046635533431792e-14,0,0
b3892,0,0,0,0,0
b3496,0,0,0,0,0
b1636,0,0,0,0,0
b4161,0,0,0,0,e
b1982,0,0,-6.554843552514662e-14,0,0
b3517,0,0,0,0,0
b0197,0,0,-4.26064830913453e-14,0,0
b0915,-1.0,e,-1.0,e,e
b3982,-1.0,e,,,e
b0907,-1.0,e,-1.0,e,0
b2026,-1.0,e,-1.0,e,0
b2835,-1.0,e,-3.5034508642750776e-14,0,0
b3223,0,0,-6.068881013276505e-14,0,0
b3781,-1.0,e,0,0,0
b1897,0,0,0,0,0
b0709,0,0,0,0,0
b2907,0,0,-1.4465861633135803e-14,0,e
b2201,0,0,-3.6616712258875004e-14,0,0
b0680,-1.0,e,0,0,e
b2094,0,0,3.209613049852007e-14,0,0
b1116,-1.0,e,,,e
b4322,0,0,-6.98429881974838e-14,0,0
b3648,-1.0,e,-1.0,e,e
b2463,0,0,1.7517254321375388e-14,0,0
b3985,-1.0,e,,,e
b3679,0,0,-9.368905698335611e-14,0,0
b0957,0,0,0,0,0
b1394,0,0,-4.4075672163460654e-14,0,0
b3917,0,0,0,0,0
b3316,-1.0,e,,,e
b3374,0,0,-7.617180266198072e-14,0,e
b0048,1.4886462216671856,+,0,0,e
b0849,0,0,0,0,0
b0979,0,0,1.7856297953402008e-14,0,0
b2752,-1.0,e,-1.0,e,0
b4476,0,0,0,0,0
b2308,0,0,-1.525696344119792e-14,0,0
b1387,0,0,6.893887184541282e-14,0,0
b4268,0,0,0,0,0
b3197,1.2458019290700737,+,0,0,0
b2146,0,0,-7.515467176590086e-14,0,0
b1189,0,0,0,0,e
b4323,0,0,-1.0261720596005711e-13,0,0
b3168,-1.0,e,,,e
b2261,0,0,-9.820963874371105e-14,0,0
b3128,0,0,4.3171555811389667e-14,0,0
b0642,-1.0,e,-7.978826807026468e-14,0,e
b2926,-0.6791512525507203,-,-0.12857792741311294,-,e
b2465,1.110720981775797,+,0,0,0
b0973,0,0,0,0,0
b0114,-0.10764552903768959,-,-0.017411255049437364,-,0
b1680,0,0,-9.368905698335611e-14,0,0
b0416,-1.0,e,,,e
b2784,0,0,-6.826078458135958e-14,0,0
b3222,0,0,-2.2263865169748074e-14,0,0
b2091,0,0,-7.187724998964353e-14,0,e
b4262,-1.0,e,-1.0,e,e
b1249,0,0,0,0,0
b0418,-0.5161947798342262,-,0,0,e
b0754,0,0,0,0,0
b4386,0,0,-1.2295982388165435e-13,0,e
b1101,-0.8829742375853831,-,0,0,0
b1600,0,0,0,0,0
b0087,-1.0,e,-1.0,e,e
b3301,-1.0,e,,,e
b1098,-1.0,e,-1.0,e,e
b1621,0,0,0,0,0
b1069,-1.0,e,0,0,e
b2323,-1.0,e,-1.0,e,e
b1872,0,0,-5.5377126564348e-14,0,0
b4086,0,0,-6.600049370118211e-14,0,0
b2765,-1.0,e,0,0,0
b1329,0,0,-7.978826807026468e-14,0,0
dummy,-1.0,e,,,
b3794,0,0,-1.2216872207359223e-13,0,0
b1683,0,0,-7.131217726959917e-14,0,0
b0109,-1.0,e,-1.0,e,0
b0073,-1.0,e,-1.0,e,0
b3546,0,0,0,0,0
b3230,-1.0,e,,,e
b1125,0,0,0,0,0
b4070,0,0,-5.6055213828401246e-14,0,0
b0684,-0.2157297826892659,-,0,0,e
b2210,0,0,1.3109687105029323e-13,0,0
b2291,0,0,0,0,0
b1093,-1.0,e,-1.0,e,e
b1804,0,0,,,0
b2866,0.5873525984914607,+,-6.780872640532408e-16,0,0
b4356,0,0,-1.593505070525116e-14,0,0
b4117,0,0,-4.667500667566474e-14,0,0
b3997,0.1539505235737462,+,-1.0,e,e
b1190,0,0,0,0,0
b0026,-1.0,e,-1.013740459759595e-13,0,e
b2942,-1.0,e,-1.0,e,e
b2965,0,0,0,0,0
b3616,0,0,7.911018080621143e-16,0,0
b1492,0,0,-6.215799920488042e-14,0,0
b2197,0,0,-3.6616712258875004e-14,0,e
b0653,0,0,0,0,e
b3084,-1.0,e,,,0
b3603,0,0,0,0,0
b3941,-1.0,e,-1.0,e,0
b1440,0,0,0,0,0
b3839,0,0,,,0
b0861,0,0,0,0,0
b2528,0,0,-2.272909278028758e-06,0,0
b4239,0,0,1.1889130029733488e-13,0,0
b2488,0,0,0,0,0
b0121,0,0,-2.5315257857987658e-14,0,0
b0444,-1.0,e,5.695933018047223e-14,0,0
b2789,0,0,0,0,0
b2282,-0.2890512101621024,-,-0.11072915513561345,-,0
b1270,0,0,-4.520581760354939e-16,0,e
b3924,0,0,0,0,0
b2129,0,0,1.299667256102045e-14,0,0
b0066,0,0,-1.57203230716343e-13,0,0
b2048,0,0,-6.046278104474731e-14,0,0
b0784,0,0,-1.0,e,0
b2492,0,0,0,0,0
b0078,0.8281173148377968,+,0,0,0
b2320,-1.0,e,-1.0,e,0
b3790,0,0,-4.1137294019229946e-14,0,0
b0179,-1.0,e,-1.0,e,e
b1198,0,0,0,0,0
b0574,0,0,-4.8257210291788975e-14,0,0
b0904,0,0,0,0,0
b0273,0,0,0,0,0
b1385,0,0,5.967167923668519e-14,0,0
b4067,0,0,5.0856544803993063e-14,0,0
b0870,0,0,0,0,0
b1682,0,0,-7.131217726959917e-14,0,0
b2530,-1.0,e,-1.0,e,e
b2499,-1.0,e,-0.9999999999999545,e,0
b0260,0,0,8.340473347854862e-14,0,0
b3780,-1.0,e,,,0
b1232,0,0,-8.046635533431792e-14,0,e
b4115,0,0,-1.1403167490495335e-13,0,0
b4267,0,0,-1.1278851492085573e-13,0,0
b2838,-1.0,e,-1.0,e,0
b3061,0,0,-1.853438521745525e-14,0,0
b3835,0.6078924064887727,+,-2.312315812282953e-07,0,e
b1236,0,0,-1.2205570752958336e-14,0,e
b0586,0,0,2.2602908801774694e-15,0,0
b2512,-1.0,e,,,0
b2103,-1.0,e,-1.0,e,0
b0809,0,0,1.7065196145339895e-14,0,0
b0778,-1.0,e,-1.0,e,0
b0774,-1.0,e,-1.0,e,0
b3634,-1.0,e,-0.9999999999879612,e,e
b1676,0,0,0,0,0
b4054,-0.4495138185897055,-,0,0,e
b2422,0,0,0,0,0
b1747,0,0,-1.350523800906038e-13,0,e
b0763,0,0,0,0,0
b0902,-0.2157297826892659,-,0,0,0
b2206,0,0,-9.165479519119639e-14,0,0
b3124,0,0,0,0,0
b3787,0,0,-1.5064838716382835e-13,0,0
b2312,-1.0,e,-0.9999999999999849,e,0
b0756,0,0,-8.555200981471721e-14,0,0
b0462,0,0,0,0,0
b1781,0,0,0,0,0
b1611,0,0,0,0,0
b2134,0,0,0,0,0
b3974,-1.0,e,-1.0,e,e
b3125,0,0,0,0,0
b4388,0.4384869883393084,+,-0.022095315411421342,-,0
b0860,0,0,0,0,0
b0032,0,0,0,0,0
b2946,-1.0,e,,,0
b0009,0,0,-1.0,e,e
b1200,0,0,0,0,0
b2342,1.086613793110777,+,0,0,0
b3417,0,0,-3.526053773076852e-14,0,0
b3308,-1.0,e,,,e
b0433,0,0,0,0,0
b2567,-1.0,e,,,e
b1465,0,0,0,0,0
b0409,-1.0,e,,,e
b1010,0,0,1.6036763794859145e-13,0,e
b2421,0,0,0,0,0
b3213,0,0,0,0,0
b2052,0,0,0,0,0
b2764,-1.0,e,-1.0,e,0
b0323,0,0,0,0,0
b1475,0,0,0,0,0
b0630,-0.559342390962544,-,8.227458803845989e-14,0,0
b3453,0,0,-1.469189072115355e-15,0,0
b0199,0,0,-4.26064830913453e-14,0,0
b3465,-1.0,e,,,e
b0091,-1.0,e,-1.0,e,e
b0830,0,0,4.85962539238156e-15,0,0
b3750,0,0,0,0,0
b4266,0,0,1.0419940957618134e-13,0,0
b3857,0,0,0,0,0
b0356,0,0,-5.5603155652365746e-14,0,0
b2148,0,0,0,0,0
b1095,0,0,-1.0363433685613698e-13,0,0
b3461,-1.0,e,,,e
b3567,0,0,0,0,0
b2541,0,0,8.928148976701004e-15,0,0
b2529,1.143250019562884,+,-2.2729092271722132e-06,0,e
b4013,-1.0,e,-1.0,e,0
b2418,0,0,-1.2341188205768984e-13,0,0
b2255,0,0,-2.520224331397878e-13,0,0
b2710,0,0,0,0,0
b3722,0,0,0,0,0
b0967,-1.0,e,,,0
b1193,0,0,0,0,0
b2558,0,0,0,0,0
b2020,-1.0,e,-1.0,e,0
b3177,-1.0,e,-1.0,e,0
b2040,0,0,-2.565430149001428e-14,0,0
b0893,-1.0,e,0,0,e
b2518,0,0,0,0,e
b2484,0,0,0,0,0
b2608,-1.0,e,,,e
b1297,2.026789111779242,+,0,0,0
b2539,0,0,3.718178497891937e-14,0,e
b3089,0,0,-4.565787577958488e-14,0,0
b2938,0,0,-1.2827150745007138e-13,0,0
b0755,0,0,0,0,0
b0933,0,0,-1.729122523335764e-14,0,0
b2917,0,0,-1.1482277671301544e-13,0,0
b1488,0,0,0,0,0
b0423,-1.0,e,-1.0,e,0
b3960,-1.0,e,-1.0,e,0
b2481,0,0,0,0,0
b0394,0,0,0,0,0
b3731,0.03205300819254632,+,0,0,e
b0661,-1.0,e,,,0
b0212,0,0,-5.176066115606405e-14,0,0
b1393,0,0,-8.882943159097455e-14,0,0
b2128,0,0,1.299667256102045e-14,0,0
b3803,-0.0025517638722172857,0,0,0,0
b3966,0,0,-4.158935219526544e-14,0,0
b4177,-1.0,e,-0.99999999999722,e,0
b2037,0,0,-1.7178210689348768e-14,0,0
b0931,0,0,-1.4239832545118057e-14,0,0
b3305,-1.0,e,,,e
b0182,-1.0,e,-1.0,e,e
b3915,0,0,-2.3054966977810187e-14,0,0
b0038,0,0,-8.555200981471721e-14,0,0
b1713,-1.0,e,-2.0003574289570606e-14,0,e
b3315,-1.0,e,,,e
b0367,0,0,5.164764661205518e-14,0,0
b2140,-0.06986201518327213,-,,,0
b3093,0,0,2.3620039697854554e-14,0,0
b1493,0,0,0,0,0
b3991,-1.0,e,-1.0,e,0
b4039,-1.0,e,-1.0,e,0
b1106,0,0,-1.6816564148520373e-13,0,0
b3994,-1.0,e,-1.0,e,0
b2538,0,0,3.718178497891937e-14,0,0
b4202,-1.0,e,,,e
b3748,0,0,0,0,0
b3386,0.5985480854580819,+,0,0,e
b1247,0,0,-7.978826807026468e-14,0,0
b0507,0,0,-9.24458969992585e-14,0,0
b2203,0,0,-9.165479519119639e-14,0,0
b1479,0,0,-1.150488058010332e-13,0,0
b2428,0,0,-9.323699880732062e-14,0,0
b0033,0,0,0,0,0
b2251,0.24642595210037854,+,0,0,0
b1415,-1.0,e,-1.0,e,0
b4203,-1.0,e,,,e
b3666,0,0,-1.0193911869600387e-13,0,0
b4392,0,0,0,0,0
b4226,0,0,0,0,e
b3628,0,0,-8.351774802255749e-14,0,0
b4260,0,0,0,0,0
b0116,-0.559342390962544,-,-0.02893064488223993,-,e
b4468,0.7185133110543143,+,-1.5261059481337385e-05,0,0
b2976,0,0,0,0,0
b3258,0,0,-1.2171666389755674e-13,0,0
b3918,0,0,-7.696290447004284e-14,0,0
b3590,0,0,,,0
b0827,0,0,-1.0,e,0
b1296,0,0,0,0,0
b3360,-1.0,e,-1.0,e,0
b0154,-1.0,e,-1.0,e,e
b2750,-1.0,e,-1.0,e,0
b2019,-1.0,e,-1.0,e,0
b1849,0.32092810864540045,+,-5.865454834060533e-14,0,0
b3605,0,0,0,0,0
b3310,-1.0,e,,,e
b2036,0,0,0,0,0
b3965,-1.0,e,,,e
b3829,-1.0,e,0,0,0
b2411,0,0,0,0,e
b3845,0,0,0,0,0
b4474,0,0,-3.729479952292824e-15,0,0
b0908,-1.0,e,-1.0,e,0
b1539,0,0,-1.6839167057322146e-13,0,0
b3833,0,0,1.4239832545118057e-14,0,e
b3956,1.552054616550938,+,-0.0030592106573496844,0,0
b0019,0,0,-5.503808293232138e-14,0,0
b1764,0,0,-4.690103576368249e-14,0,e
b0727,2.2616841193012025,+,-0.0047329056426945884,0,e
b0829,0,0,4.85962539238156e-15,0,0
b2542,0,0,3.718178497891937e-14,0,0
b2241,0,0,-9.323699880732062e-14,0,0
b0185,-1.0,e,-1.0,e,e
b2486,0,0,0,0,0
b4022,-1.0,e,,,0
b3936,-1.0,e,,,e
b2781,0,0,0,0,0
b3126,0,0,-5.820249016456984e-14,0,0
b1243,0,0,1.5143948897189047e-14,0,0
b3344,-1.0,e,,,e
b0505,0,0,-7.899716626220256e-14,0,e
b2199,0,0,-3.6616712258875004e-14,0,0
b2027,0,0,-1.2668930383394716e-13,0,0
b0123,0,0,-8.3065689846522e-14,0,0
b0635,0,0,0,0,e
b2470,0,0,0,0,e
b3137,0,0,0,0,0
b3199,-1.0,e,-1.0,e,0
b0142,-1.0,e,-1.0,e,e
b3987,-1.0,e,,,e
b0855,0,0,0,0,0
b4171,-1.0,e,,,e
b2919,0,0,-3.6616712258875004e-14,0,0
b2779,-1.0,e,-0.07882314210948071,-,e
b2762,-1.0,e,0,0,0
b3608,-1.0,e,-1.0,e,0
b0074,-1.0,e,-1.0,e,0
b0415,-1.0,e,-1.0,e,e
b0522,-1.0,e,-1.0,e,0
