amino_acid,codon,total,per_1000,fraction
Gly,GGG,9094.00,11.15, 0.00
Gly,GGA,17743.00,21.76, 0.00
Gly,GGT,10566.00,12.96, 0.00
Gly,GGC,18967.00,23.26, 0.00
Glu,GAG,18429.00,22.60, 0.00
Glu,GAA,39217.00,48.09, 0.00
Asp,GAT,27108.00,33.24, 0.00
Asp,GAC,15485.00,18.99, 0.00
Val,GTG,14105.00,17.30, 0.00
Val,GTA,10638.00,13.05, 0.00
Val,GTT,15193.00,18.63, 0.00
Val,GTC,14067.00,17.25, 0.00
Ala,GCG,16176.00,19.84, 0.00
Ala,GCA,17205.00,21.10, 0.00
Ala,GCT,15150.00,18.58, 0.00
Ala,GCC,13433.00,16.47, 0.00
Arg,AGG,3341.00, 4.10, 0.00
Arg,AGA,8561.00,10.50, 0.00
Ser,AGT,5577.00, 6.84, 0.00
Ser,AGC,11766.00,14.43, 0.00
Lys,AAG,16997.00,20.84, 0.00
Lys,AAA,39449.00,48.38, 0.00
Asn,AAT,18702.00,22.93, 0.00
Asn,AAC,14522.00,17.81, 0.00
Met,ATG,21424.00,26.27, 0.00
Ile,ATA,7960.00, 9.76, 0.00
Ile,ATT,29487.00,36.16, 0.00
Ile,ATC,22167.00,27.18, 0.00
Thr,ACG,12110.00,14.85, 0.00
Thr,ACA,17642.00,21.63, 0.00
Thr,ACT,7082.00, 8.68, 0.00
Thr,ACC,7342.00, 9.00, 0.00
Trp,TGG,8765.00,10.75, 0.00
Stop,TGA,621.00, 0.76, 0.00
Cys,TGT,2939.00, 3.60, 0.00
Cys,TGC,3472.00, 4.26, 0.00
Stop,TAG,381.00, 0.47, 0.00
Stop,TAA,1562.00, 1.92, 0.00
Tyr,TAT,18967.00,23.26, 0.00
Tyr,TAC,10290.00,12.62, 0.00
Leu,TTG,12914.00,15.84, 0.00
Leu,TTA,16167.00,19.83, 0.00
Phe,TTT,24450.00,29.98, 0.00
Phe,TTC,11677.00,14.32, 0.00
Ser,TCG,5266.00, 6.46, 0.00
Ser,TCA,11874.00,14.56, 0.00
Ser,TCT,10320.00,12.66, 0.00
Ser,TCC,6766.00, 8.30, 0.00
Arg,CGG,5664.00, 6.95, 0.00
Arg,CGA,3537.00, 4.34, 0.00
Arg,CGT,5903.00, 7.24, 0.00
Arg,CGC,6720.00, 8.24, 0.00
Gln,CAG,15089.00,18.50, 0.00
Gln,CAA,16620.00,20.38, 0.00
His,CAT,12832.00,15.74, 0.00
His,CAC,6141.00, 7.53, 0.00
Leu,CTG,18757.00,23.00, 0.00
Leu,CTA,3975.00, 4.87, 0.00
Leu,CTT,17772.00,21.79, 0.00
Leu,CTC,8697.00,10.67, 0.00
Pro,CCG,13316.00,16.33, 0.00
Pro,CCA,5796.00,7.11,0.00
Pro,CCT,8640.00,10.60,0.00
Pro,CCC,2850.00,3.50,0.00
