,molecular_weight,biomass_dilution_response,ATPM_response
BSU15920-MONOMER,8.57526742,5.824054348848225,1794.003360751765
BSU28500-MONOMER_mod_Oxidized,11.25177588,8.16970733994008,2511.9184455913796
CPLX8J2-28,86.26574188000002,62.084108428283,19088.573623256325
CPLX8J2-24,944.1322556400002,665.3843915603042,204806.3511901968
BSU28720-MONOMER,57.01639599999999,72.03713412133814,22880.24282608138
CPLX8J2-21,75.39572354,74.84016022393118,23559.90886863577
BSU28500-MONOMER,11.253791760000002,8.171171033299077,2514.0700008941235
CPLX8J2-27,68.63434801999999,50.12684817502362,15427.532642372755
CPLX8J2-22,145.01797406,121.3751570019792,37588.45336393873
CPLX8J2-23,162.73453724,143.83764971568291,44898.473477716216
BSU06440-MONOMER,49.47716536,75.91086118288797,24323.259736301407
BSU06520-MONOMER,55.73464764,80.28213679122535,25685.599306851684
BSU15580-MONOMER,36.8527082,41.84632565865055,13177.8505415963
BSU25660-MONOMER,61.20964404000001,44.18214909825332,13594.85746156487
BSU08860-MONOMER,41.79148145999999,43.35497311468907,13697.60219034982
BSU01230-MONOMER,16.20591018,11.905042873433436,3660.895539648118
BSU04740-MONOMER,22.14276656,22.16847345253108,6989.17166063565
CPLX8J2-29,74.90698477999999,76.43153256653784,24066.85657521659
BSU00940-MONOMER,53.885729700000006,53.6035714394476,16866.80105824499
BSU39860-MONOMER,49.55260246,35.76790070308983,10998.44687173602
BSU25580-MONOMER,20.96279146,27.69228130578185,8839.2695171447
BSU12840-MONOMER,35.24356787999999,29.79829184817487,9242.175605379674
BSU22430-MONOMER,29.75000558,21.600931403388774,6645.9232229484005
BSU27560-MONOMER,48.121974640000005,34.53001908939442,10617.573550585626
BSU15620-MONOMER,28.830738720000003,35.811293666926716,11346.430108225355
BSU00150-MONOMER,24.14052576,20.771055849361428,6457.382003656097
BSU15630-MONOMER,18.00766058,28.972425200697483,9276.036255679202
BSU27960-MONOMER,11.28399006,8.19309746302847,2520.6713222012295
BSU00750-MONOMER,21.673573780000005,43.882747160911016,14194.500745474883
BSU16770-MONOMER,31.03515758,31.137367507931422,9776.606806985721
BSU24350-MONOMER,17.21726482,19.623667604392622,6230.498112995556
BSU22960-MONOMER,47.33360568,34.166191558719774,10507.799664225297
BSU16500-MONOMER,32.2121302,22.633054788576015,6959.281619736189
CPLX8J2-186,32.03284552,23.05353911285599,7099.810910916673
BSU25410-MONOMER,6.7128136000000005,4.716592074196267,1452.3043035236858
BSU37780-MONOMER,56.30927074,53.97316785128768,16948.78884923363
BSU01030-MONOMER,24.86542824,18.001306719025095,5534.797057735131
CPLX8J2-187,30.39555744,21.8752084282552,6728.239599277132
BSU13590-MONOMER,44.032960040000006,39.764873552822806,12439.413905478645
CPLX8J2-188,30.191174619999998,21.728117301682513,6687.264058629736
BSU22750-MONOMER,26.57928544,19.638795602144164,6041.431395087677
CPLX8J2-184,29.48782888,43.4184974949072,13871.037926494651
BSU01300-MONOMER,14.75308852,10.680486534884146,3286.430758789363
BSU00680-MONOMER,80.92424616,59.62041904530678,18343.986919642753
BSU01500-MONOMER,14.18918372,9.969678209605984,3068.784965290947
BSU29670-MONOMER,47.728343720000005,34.247568435956815,10528.514534547268
BSU10010-MONOMER,18.259352980000003,14.542675059562855,4480.418648454063
BSU41060-MONOMER,5.271332039999999,3.7037707884993014,1140.139445420865
BSU01220-MONOMER,24.202413940000003,17.108444577335717,5269.730308350979
BSU22360-MONOMER,49.06601922,35.93981820679545,11073.184443298558
BSU31050-MONOMER,43.40310826,31.606750638872253,9730.07111863367
BSU03200-MONOMER,35.046779619999995,31.94865258047817,9997.832715230526
BSU34190-MONOMER,59.77008812,46.07448692731256,14181.355887926911
CPLX8J2-105,122.35379988,155.89194699862185,49418.35303350593
BSU37320-MONOMER,42.93855442,36.85374393411263,11423.402180102716
BSU06450-MONOMER,82.34348453999999,182.173690541724,58876.9113090687
BSU19230-MONOMER,22.970923120000002,16.72774757626415,5146.377106270988
BSU24080-MONOMER,39.979363060000004,33.54663144928295,10349.769300007547
BSU18120-MONOMER,50.306546340000004,38.77940261769475,11930.4559028174
CPLX8J2-38,133.65113416,101.31658981341845,31146.857208529877
CPLX8J2-39,122.68487911999998,89.86407135507321,27690.548206275562
CPLX8J2-30,339.02600423999996,248.32935610955934,76566.29642446595
BSU36920-MONOMER,32.41254163999999,27.681136576754863,8633.872409503134
CPLX8J2-34,97.44283284000001,88.41333558995515,27672.102677125364
BSU40500-MONOMER,16.35978592,23.879178323922986,7653.107454367984
BSU15480-MONOMER,45.45881404,66.93451089767694,21313.16674137835
BSU28860-MONOMER,7.44590606,9.264601060784255,2945.867018140476
BSU28130-MONOMER,36.194950979999994,48.12300742895705,15351.156638542094
BSU02360-MONOMER,27.281735100000002,27.778812321025804,8753.645501065204
BSU24120-MONOMER,33.090578660000006,33.128995537452916,10335.697192346499
BSU26970-MONOMER,41.200745819999995,34.83506132202728,10854.310954742961
BSU22090-MONOMER,34.32216318,37.14317361817404,11723.450104128084
BSU12340-MONOMER,41.00800052,65.54031758910804,20930.4167463135
BSU00930-MONOMER,144.88512156,225.38104889649804,72323.33415033601
BSU28390-MONOMER,29.986987220000003,21.772999409753922,6706.979865944148
BSU32830-MONOMER,82.22941124,77.76588430478793,24181.742611995694
BSU31760-MONOMER,20.515908500000002,14.852475411376789,4566.327196044349
BSU03130-MONOMER,30.25356292,21.321428683113748,6562.219533782483
BSU12380-MONOMER,55.34217642,78.53669193090464,25037.938377341554
BSU01310-MONOMER,19.383951260000007,13.619652850113813,4193.9220301373325
BSU22680-MONOMER,58.09763881999999,64.60722758721626,20396.83917086232
BSU02090-MONOMER,30.64351942,22.380383726630875,6880.948430038675
BSU31750-MONOMER,56.159858699999994,40.776639592237224,12556.63025288998
BSU00270-MONOMER,53.148069220000004,38.70316754070326,11924.100075619412
BSU02630-MONOMER,7.4326341000000005,5.475945475924303,1687.5189474338783
BSU29300-MONOMER,26.23715356,57.99016354297192,18786.871543141428
BSU01150-MONOMER,11.54034294,8.379230570165223,2575.019199936156
BSU16520-MONOMER,20.63333614,14.497502165433492,4457.838571927763
BSU01340-MONOMER,6.5115393599999996,4.602942108579607,1416.056922019362
BSU00910-MONOMER,17.121478579999998,19.8795917271737,6308.60443686913
BSU39410-MONOMER,42.50118762,38.74409267418734,12044.380809855964
BSU13730-MONOMER,16.842619700000004,12.085455430854086,3724.150817289574
BSU22130-MONOMER,31.123651439999996,22.399206319618173,6897.071999715797
BSU29660-MONOMER,22.714820640000003,16.299064952737993,5019.43006082506
CPLX-8352,40.929304800000004,46.91169733153948,14860.058011272098
CPLX-8351,28.206862440000005,26.615606409521718,8355.61793222573
BSU03790-MONOMER,199.22224288,142.10267627547273,43758.0642296826
CPLX-8354,65.91182250000001,47.43571023231944,14620.376815724696
BSU00820-MONOMER,57.51223091999999,65.42789500938127,20757.151828461097
BSU23610-MONOMER,20.967702579999997,15.134839879676429,4656.933662598303
BSU01160-MONOMER,22.696109319999998,16.237241464706678,4991.374146878728
CPLX-8225,43.548370760000005,33.66264465167694,10398.46916824668
BSU14000-MONOMER,43.53142948000001,31.978674973826386,9830.214319450444
BSU38630-MONOMER,62.3417194,43.802863766961686,13497.072063266894
BSU30790-MONOMER,54.17747072,59.67018192382401,18845.935885214632
BSU03040-MONOMER,72.36591266,51.30905350309425,15799.209975341906
CPLX8J2-179,36.83052271999999,26.663427217320358,8217.431983935996
CPLX8J2-176,32.7987865,24.02441532760433,7396.685290603205
BSU38710-MONOMER,50.528704160000004,39.92038149522397,12291.179991386492
BSU01180-MONOMER,10.96470406,7.867745314562605,2421.2852533224946
BSU32240-MONOMER,33.30888512000001,29.72513727966487,9254.798988093513
BSU11640-MONOMER,67.45691454,51.28074394233818,15797.27045640662
BSU14880-MONOMER,33.95249548,22.842275941370143,6940.846859250178
BSU25290-MONOMER,34.076027200000006,26.631231214327187,8244.118365212575
BSU05740-MONOMER,50.48811487999999,39.02702766321544,12097.846615402697
BSU31400-MONOMER,42.29985814,30.80334846716,9492.195020138874
BSU29050-MONOMER,31.751504240000003,23.054182736144817,7097.490648159012
CPLX8J2-49,362.24708203999995,269.20057814581247,83116.97639730474
CPLX8J2-46,360.39017548,273.96859809183024,84658.27072948213
CPLX8J2-47,358.74262591999997,265.8312917659552,82189.01541171268
CPLX8J2-42,72.38644606,54.87381689355772,16904.669221123895
CPLX8J2-45,358.43300104,267.89482280858755,82813.89367168909
CPLX8J2-43,146.3331602,113.42674696601328,34943.34599369319
CPLX8J2-40,30.25356292,21.321428683113748,6562.219533782483
CPLX8J2-41,23.48235604,23.559691877987017,7376.83326786258
BSU36590-MONOMER,55.876164779999996,42.000457466635346,12928.52480375577
BSU27810-MONOMER,51.5160906,39.60194145001873,12175.145569101938
BSU18260-MONOMER,40.91529114,48.90233233411011,15480.287785676364
BSU15350-MONOMER,47.13166982,34.12093435192887,10504.138411475074
BSU09410-MONOMER,50.29176178,35.872470062749116,11042.919066721957
BSU33900-MONOMER,46.42443864,44.39943242106567,13857.638025363036
BSU18410-MONOMER,64.17913044,46.462429718071874,14289.425091843339
BSU02400-MONOMER,50.95571936,39.60579905524385,12180.861106338827
BSU29130-MONOMER,46.4030784,39.530461669626746,12294.483533086135
BSU30550-MONOMER,44.0291655,31.123777141012397,9587.25704726587
BSU35790-MONOMER,35.41449684,25.713814233387733,7918.4549508751525
BSU06420-MONOMER,17.170591039999998,51.864492590473596,16829.06119692373
CPLX8J2-1,72.74729192000002,62.748546006578486,19600.84229305841
CPLX8J2-3,68.35991548000001,49.343335114114076,15206.379186313467
CPLX8J2-5,151.8257215,116.38916656968063,35905.884930047825
CPLX8J2-7,72.60260472,52.405779464496796,16149.325780605117
CPLX8J2-4,116.89535602,83.878496363219,25788.12196998688
CPLX8J2-9,238.07926112,182.51088488508958,56379.08261722485
BSU26590-MONOMER,43.43651907999999,36.54015051656129,11325.458069004553
BSU09680-MONOMER,48.05588342,37.04445220107276,11401.645566405348
BSU07840-MONOMER,159.6523869,113.53756194037665,34963.92106713647
BSU27900-MONOMER,31.8929417,25.26513988114685,7832.664878924977
BSU31322-MONOMER,146.31672695999998,114.97403675788294,35520.4156845217
BSU06370-MONOMER,46.194857119999995,36.102386984698974,11116.305159957374
BSU32130-MONOMER,35.8454684,25.95029793685635,7991.416854121179
BSU38830-MONOMER,52.80836498,38.00535630817741,11710.004964664224
BSU01120-MONOMER,76.44319074,54.362942340467924,16749.69285616068
BSU15700-MONOMER,43.97319852,32.02189834169416,9852.59897358913
BSU00090-MONOMER,211.94456112,151.62929326411628,46720.639162210005
BSU26650-MONOMER,34.152238780000005,25.52557362167568,7856.464314085357
BSU13960-MONOMER,30.7050238,22.359827890520712,6876.103306413141
BSU33240-MONOMER,43.548370760000005,33.66264465167694,10398.46916824668
CPLX8J2-106,28.08482656,24.164821710883455,7536.190237533346
BSU32450-MONOMER,56.54681367999999,60.22987206980094,19022.626088706227
BSU21910-MONOMER,35.361893900000005,26.278865321984092,8096.3843225690825
BSU38300-MONOMER,28.206862440000005,26.615606409521718,8355.61793222573
CPLX-7602,35.090413319999996,62.81704375601104,20244.901230672425
BSU25420-MONOMER,33.07050986,25.986434328079444,7993.909642580168
CPLX8J2-165,295.91610823999997,220.53833769315534,67958.71589199814
CPLX8J2-164,199.22224288,142.10267627547273,43758.0642296826
BSU30220-MONOMER,42.57692234,51.25149304155902,16260.433851042886
BSU29190-MONOMER,34.2497316,33.85128981018616,10667.169802364207
BSU36510-MONOMER,42.72850242,34.577832152944474,10681.053026315443
BSU30070-MONOMER,56.1327414,43.50998944179474,13389.208148625874
BSU33920-MONOMER,27.018234500000002,31.082556069943664,9788.82565814543
BSU31350-MONOMER,50.39211217999999,40.24229071808389,12484.335677100038
BSU15750-MONOMER,41.56907486,29.916614575246406,9207.98357481174
BSU34130-MONOMER,79.23826738,77.80955207474848,24438.605824212926
BSU23380-MONOMER,48.55212552,34.942207178839894,10755.6947489328
BSU22610-MONOMER,41.421538139999996,54.18874574333333,17224.68585535476
BSU37170-MONOMER,41.43669210000001,41.484798491212324,13061.912121794205
BSU30240-MONOMER,29.48782888,43.4184974949072,13871.037926494651
CPLX8J2-58,368.39101955999996,277.69417041017704,85787.7020095492
BSU15550-MONOMER,25.98975546,51.291680255175336,16412.30221486593
CPLX8J2-55,364.46775476000005,266.18770826266916,82170.66090587493
CPLX8J2-54,368.48645636,375.20033372306676,118480.98418756244
CPLX8J2-57,388.72809192,283.90615788121625,87485.29310076011
CPLX8J2-56,368.7896609,273.27622887177534,84403.71484010165
CPLX8J2-51,359.95745372,273.6396430258573,84646.5752185366
CPLX8J2-50,360.74205558,266.5436401827118,82343.51455606721
CPLX8J2-53,368.22135542,273.6403043096234,84613.59593085582
BSU24140-MONOMER,42.101922439999996,36.13567083699765,11120.14705343838
BSU01250-MONOMER,10.07668532,7.316495715791885,2248.937689317476
CPLX8J2-52,381.94976986,288.7292629296653,89335.23113375812
BSU15790-MONOMER,23.327847660000003,17.087153540967833,5261.092617197099
BSU31930-MONOMER,39.67303548,28.552064617327307,8792.734768139813
BSU15430-MONOMER,104.8122374,75.87873472894884,23366.98594765632
BSU28510-MONOMER,56.452939300000004,41.10982016766951,12665.977044731195
BSU23080-MONOMER,28.1231948,20.419734042918453,6283.4277469310455
BSU33430-MONOMER,64.79477634,47.18446260143212,14521.181905853364
BSU08710-MONOMER,46.17205274,33.721591949161244,10375.889958807651
BSU03330-MONOMER,42.72057592,33.20495847498539,10230.455775497174
BSU03910-MONOMER,200.97675799999996,151.92539905077902,46730.66677334078
BSU28950-MONOMER,73.4909537,53.203716656655985,16380.386187665563
BSU22110-MONOMER,35.031269759999994,34.32493353400331,10754.097224249295
BSU10870-MONOMER,24.070454379999997,18.657653088238476,5736.472489550893
BSU35580-MONOMER,49.81202505999999,56.880313721750156,17648.64518869487
BSU39710-MONOMER,46.87107166,73.81144252168417,23649.729583580145
BSU02270-MONOMER,19.61627186,20.55929905773362,6466.259523331433
BSU31620-MONOMER,12.284605260000001,31.81464158981091,10328.8312418135
BSU15930-MONOMER,28.42705284,39.856201322313446,12747.712976829971
BSU12010-MONOMER,69.02291064,55.267716415031636,17064.82525419712
BSU14830-MONOMER,34.010012180000004,24.83908955441352,7645.593750565129
BSU33510-MONOMER,7.33105666,15.312261115494344,4964.263043859715
BSU22100-MONOMER,20.86167122,26.001710710916768,8222.98803185163
BSU13010-MONOMER,38.394063,31.39769392117018,9764.312272470817
CPLX8J2-158,212.86609682000002,176.3460880477079,54471.617650266235
BSU34560-MONOMER,66.05836536,47.963763062976646,14780.151630345
BSU28280-MONOMER,56.90094166000001,56.602995045711516,17777.84245535545
BSU34860-MONOMER,23.886508420000002,16.885134121858297,5194.212960464431
BSU32170-MONOMER,30.852534720000005,22.07250806663309,6791.443336225148
BSU05340-MONOMER,94.65243511999999,74.57865456907224,22961.927282356148
BSU13300-MONOMER,50.826752760000005,37.98819831061416,11678.14233751866
BSU36120-MONOMER,21.022026120000003,16.384389458607245,5039.1024546041035
BSU27910-MONOMER,16.6590173,15.719218986846421,4927.716689195611
BSU06500-MONOMER,37.02968688000001,63.919769878595105,20517.059616453225
BSU31150-MONOMER,30.34697952,23.522755624858213,7249.2540448481095
BSU36130-MONOMER,19.22909078,15.233015283252193,4691.121259783409
BSU08820-MONOMER,54.650330219999994,39.330989951256306,12099.986359486438
BSU29990-MONOMER,45.420393080000004,35.10970733251666,10816.92566061065
BSU40060-MONOMER,57.156575360000005,56.491648450439406,17763.151455602856
BSU09440-MONOMER,40.94209748,29.639998448613266,9109.997679210268
BSU05980-MONOMER,6.066007299999999,4.404416235398755,1356.2420134700278
CPLX8J2-60,372.65784022,473.217000507236,150802.28783702492
CPLX8J2-64,134.7743857,103.03026835090618,31805.49325812766
CPLX8J2-61,366.68208546000005,276.40597115452755,85412.78015652254
CPLX8J2-65,167.64419973999998,133.520345715956,41330.26378559246
CPLX8J2-66,140.31598828,104.57374217001316,32199.42434098508
CPLX8J2-68,104.79399928,78.54708169875329,24178.36204507164
BSU15650-MONOMER,97.29880394000001,71.8917492053827,22109.18691764164
BSU22420-MONOMER,31.941822779999995,22.919918781276625,7057.6383159114375
CPLX8J2-67,141.83317409999998,130.80737904918752,40939.74961055703
CPLX8J2-80,53.81272336,45.15418605171093,14030.561817041938
CPLX8J2-86,163.28036292000002,135.26744599587482,42145.95536110026
BSU14610-MONOMER,49.71406402,50.195820843922874,15830.318509530813
BSU03010-MONOMER,41.57691962,30.01091887573299,9239.469236591916
BSU37710-MONOMER,52.241563160000005,56.535406593119205,17866.348026051524
BSU30230-MONOMER,50.09385758,60.29991958282578,19174.625377869426
BSU21900-MONOMER,18.25270854,13.369721798050989,4118.062393533666
BSU24070-MONOMER,39.75587194,33.18954964111002,10237.961576925278
BSU15490-MONOMER,34.215254879999996,55.92426033078739,17815.72039854525
BSU40420-MONOMER,47.66344112,33.997722572223736,10472.206934731925
BSU35020-MONOMER,26.98598222,27.074856758199292,8538.608361146771
BSU06170-MONOMER,34.24259138,24.643858729674776,7582.923007627893
BSU30320-MONOMER,91.50105396000001,66.63234758172858,20530.577059753665
BSU15990-MONOMER,10.01256008,8.294772290317816,2578.2521068672054
BSU11420-MONOMER,37.196407640000004,26.928309310048242,8275.927030059864
BSU28120-MONOMER,46.43825644,54.11708329332447,17182.087300244944
BSU27650-MONOMER,81.66403294,61.03615339775735,18776.925763420815
BSU10360-MONOMER,52.87668286,38.73104848481688,11906.979388378672
BSU32110-MONOMER,36.83052271999999,26.663427217320358,8217.431983935996
BSU36890-MONOMER,23.033473240000003,16.871530523088722,5194.577065597895
BSU22140-MONOMER,27.18440144,19.44825362053728,5986.76526665305
BSU37330-MONOMER,62.70208438000001,44.99200597613339,13842.291230858138
BSU01380-MONOMER,27.406958200000005,19.84124528368469,6100.947558613096
BSU30530-MONOMER,50.34342128000001,47.61071027665647,14865.287743537832
BSU03070-MONOMER,55.70062248,43.17504250747665,13293.233260841514
BSU04560-MONOMER,39.110940199999995,28.314333612685395,8714.342233394653
CPLX8J2-146,50.12530616,38.53280434506774,11896.922717535135
CPLX8J2-147,41.534703500000006,30.423289208974285,9368.739149921328
CPLX8J2-142,37.51402008,32.51789814932382,10101.506337260675
CPLX8J2-143,57.01639599999999,72.03713412133814,22880.24282608138
BSU22480-MONOMER,15.1231513,32.16795936089988,10420.684863673157
BSU24850-MONOMER,33.599098860000005,24.180747203432496,7447.044839596674
BSU17600-MONOMER,50.268005620000004,43.35892347407557,13531.972474086568
BSU28370-MONOMER,26.674081580000003,18.91252149840738,5816.917685989364
BSU07570-MONOMER,51.44051778,40.42137973534021,12444.907154663673
SRP-CPLX,162.62054433400002,85.8260101540469,26404.348597425313
BSU27940-MONOMER,10.382775440000003,7.29519978753226,2245.7349803447846
BSU39360-MONOMER,60.58740378,62.59569047777601,19735.64999800906
BSU23560-MONOMER,50.21241684,39.02806037126236,12007.346866952397
BSU14860-MONOMER,127.90776986,97.50823222427789,30155.667271416176
BSU10270-MONOMER,56.61154206,41.46675361863102,12744.337138623048
BSU26640-MONOMER,39.079861920000006,29.125172794327238,8958.759090601501
BSU33330-MONOMER,50.26980828,38.751082644971824,11927.760969445737
BSU01390-MONOMER,8.08227518,5.954564372689391,1833.7382544362083
CPLX8J2-76,185.63837325999998,140.72642956173837,43426.1561176208
CPLX8J2-75,134.81198080000001,101.04669869097452,31072.878215825676
CPLX8J2-74,95.1204336,77.7870854621922,24133.79081069338
CPLX8J2-71,155.52274872,114.91202351885754,35342.165192171866
CPLX-7604,119.83716319999999,156.26304797929117,49833.41560501497
CPLX8J2-70,169.12513604,128.92956431029208,39811.93451918708
CPLX8J2-78,70.6689531,52.66767509171659,16193.025532382095
CPLX-7601,35.090413319999996,62.81704375601104,20244.901230672425
BSU32180-MONOMER,42.290724819999994,32.41994944464998,9972.016424440508
CPLX8J2-90,32.431597100000005,49.965990092925765,16041.346899203367
CPLX8J2-93,124.9129749,93.360653679304,28715.411985353723
CPLX8J2-92,116.42816959999999,88.5086902305971,27220.236202766413
BSU08180-MONOMER,50.49588472,46.57044711088585,14607.27913733832
BSU40340-MONOMER,43.745424379999996,42.490253812689666,13348.933404544945
BSU15590-MONOMER,42.87428344,47.86101127097832,15144.890963046573
secYEG,62.19162828,66.10973254046262,20802.866134175394
BSU28850-MONOMER,13.6621356,13.06620142471658,4101.254153383542
BSU09850-MONOMER,43.64082756,34.10635172679232,10501.342518261168
BSU15180-MONOMER,54.31186296,73.71594168831443,23557.563003829837
BSU24740-MONOMER,37.715240460000004,28.269004848115642,8699.554446999633
BSU27260-MONOMER,33.01124202,35.72450510388903,11297.205174272656
BSU28230-MONOMER,47.30618838,33.13764497526413,10190.873772939975
BSU13610-MONOMER,23.48235604,23.559691877987017,7376.83326786258
BSU06660-MONOMER,53.29413642,41.536999430073216,12788.708883423804
BSU07830-MONOMER,25.491559940000002,18.563310571975276,5709.208085070832
BSU30200-MONOMER,36.91869624,47.589481270261174,15141.299510284563
BSU32200-MONOMER,39.59762343999999,28.58222965027016,8799.43832160745
BSU39400-MONOMER,92.38323852000002,85.79256488009452,26906.896927315294
BSU19310-MONOMER,107.73515967999998,77.99478195605873,24000.125135602146
BSU36470-MONOMER,53.98380656,41.84429256208551,12895.038742365152
BSU40040-MONOMER,39.382100099999995,32.457620638544874,10107.677113750024
BSU28540-MONOMER,27.545163859999995,33.098444997149194,10445.708743984236
BSU27200-MONOMER,28.49392744,22.3294469873183,6864.405184676959
BSU40910-MONOMER,11.122405119999998,11.372491768705764,3591.348277888813
BSU34660-MONOMER,57.43879612,44.03241784806935,13557.154120572171
BSU32440-MONOMER,44.8640144,55.05690185948603,17462.723047733725
CPLX-8649,38.33606648,66.74704577081123,21512.751156067596
CPLX8J2-102,90.16468066,84.30908123215211,26324.653092351135
CPLX-8648,53.44247136,76.2966420843746,24421.267217850276
BSU32250-MONOMER,37.455385220000004,31.828113915182897,9904.312645200831
BSU39670-MONOMER,31.359251060000002,65.49956750942134,21217.937696231955
BSU39020-MONOMER,43.72084392,34.355346927067046,10570.712824726184
BSU41050-MONOMER,13.81805982,9.974107655598505,3065.8608256866155
BSU27410-MONOMER,97.23739646,69.35819048753586,21340.013489796875
BSU04520-MONOMER,42.13114486,30.141446828224723,9285.865608647868
BSU32470-MONOMER,18.83753016,32.71774470331546,10554.983214014566
BSU11250-MONOMER,34.64998952,48.28553075027125,15379.48810796563
BSU01280-MONOMER,20.1553714,14.720402702515733,4526.514844610121
BSU40110-MONOMER,54.81358416,40.85109393181803,12615.108592887043
BSU08030-MONOMER,36.980673499999995,26.85098627549962,8254.353381831352
BSU26690-MONOMER,47.02099510000001,45.1705024173249,14129.255746951347
BSU01490-MONOMER,16.385932,11.967406251617824,3683.0343418553407
BSU25550-MONOMER,9.482961880000001,6.642746643825109,2043.9051456164407
BSU32260-MONOMER,47.47674366,42.36865682537016,13244.57015577119
BSU23800-MONOMER,30.39555744,21.8752084282552,6728.239599277132
BSU38770-MONOMER,48.33782422,37.2617896371126,11462.390449822276
BSU32840-MONOMER,87.08228364,70.8423014587532,21940.538468527393
BSU18230-MONOMER,32.640917359999996,40.26558648907595,12719.831544191227
BSU30870-MONOMER,34.917837799999994,25.725492921812013,7915.110671728941
BSU37240-MONOMER,58.249968679999995,43.90898765211852,13503.377863973175
BSU32490-MONOMER,30.122534420000004,39.920957777444116,12737.731092788927
BSU39350-MONOMER,55.65993506,64.6262400401754,20525.655230078137
BSU03270-MONOMER,36.95978746,26.678195336838513,8207.460513426047
BSU01410-MONOMER,13.6707537,9.547113225721272,2939.110836330574
BSU12360-MONOMER,45.3210839,69.92091989697411,22269.475629201108
BSU15570-MONOMER,26.96821924,34.82047791928716,11050.313250621102
BSU24130-MONOMER,52.870759879999994,46.956840542946495,14575.529501419365
CPLX8J2-195,55.61713692,40.38257929838685,12427.31060930325
CPLX8J2-194,41.200745819999995,34.83506132202728,10854.310954742961
BSU24340-MONOMER,49.43057574,39.36901826594354,12219.623873041852
BSU39980-MONOMER,37.5829998,32.65783306313264,10200.975819189402
BSU19580-MONOMER,53.776554239999996,41.91299180110031,12908.694967056486
BSU14190-MONOMER,41.534703500000006,30.423289208974285,9368.739149921328
BSU15500-MONOMER,46.51733186,67.79874040164846,21574.836139195988
BSU38040-MONOMER,54.79463208,46.796012208054464,14599.736898106166
BSU11190-MONOMER,37.94872582000001,50.535661064280866,16083.935850162174
BSU28800-MONOMER,56.10106812000001,76.14437879311656,24302.568269381394
BSU31180-MONOMER,48.62958361999999,54.80420127560048,17369.18880443331
BSU33040-MONOMER,50.521029339999984,36.1437346319193,11133.102060641224
BSU27010-MONOMER,37.795610339999996,29.860555672275748,9264.898117517476
BSU16670-MONOMER,35.66449316,26.199535565306554,8056.019836385133
BSU00380-MONOMER,76.16283920000001,55.62525451607164,17118.611465803024
BSU06160-MONOMER,51.76761894,44.87320091352702,13944.538341562598
BSU32460-MONOMER,12.63236268,33.87356371921481,11013.717514234888
BSU03930-MONOMER,28.08482656,24.164821710883455,7536.190237533346
BSU29440-MONOMER,51.90878028,37.8006999971013,11637.254557934119
BSU19800-MONOMER,41.92881267999999,29.639058719829116,9125.081566376419
BSU13580-MONOMER,88.06058880000002,63.75139223609632,19640.533109435542
BSU19690-MONOMER,54.06718928000001,39.25719084894764,12086.235928070131
BSU35780-MONOMER,95.59388792,68.59358535057468,21095.86281600539
BSU32430-MONOMER,47.11186974,56.40900134357124,17879.828767184477
BSU00810-MONOMER,37.06872204,53.078903270951244,16990.185211285185
BSU09130-MONOMER,48.98781090000001,37.34499355765886,11502.85804650143
BSU03950-MONOMER,59.81169036000001,44.95867543636275,13838.07710366479
BSU18670-MONOMER,43.54363404,31.709083477805965,9768.62184609575
BSU01040-MONOMER,17.94433016,15.248386343098247,4757.145170396738
BSU23840-MONOMER,34.016357019999994,24.626114228583347,7577.850797352805
BSU27270-MONOMER,25.25122538,30.934336200619494,9845.49212519766
BSU23760-MONOMER,36.633221819999996,41.67521504127275,13212.194246998422
BSU13560-MONOMER,45.06240199999999,33.968163379839964,10466.445531481531
BSU01020-MONOMER,14.804122159999999,10.685864013756419,3286.5966548654196
BSU37110-MONOMER,275.59384847999996,213.03248841841025,65652.53146278887
BSU21920-MONOMER,43.56610674,32.189949853221314,9894.795604332367
BSU15190-MONOMER,35.5291203,64.96611449823376,20908.894843213628
BSU30780-MONOMER,41.62239426,51.966356466424216,16524.032024570675
BSU03990-MONOMER,41.108306400000004,37.56200110412508,11757.207679800085
BSU27550-MONOMER,65.94524674,47.60038666266002,14640.024847932624
BSU17000-MONOMER,43.27918504,31.33193110268678,9656.701485352047
BSU08000-MONOMER,37.83218928,28.679355600803728,8826.978812063893
BSU22650-MONOMER,24.044283340000003,45.60643229101027,14698.325280261817
BSU22660-MONOMER,27.73561764,45.80654897390091,14692.63223249448
BSU37190-MONOMER,45.84988492000001,34.463999972343586,10592.812054960563
BSU01270-MONOMER,11.154028960000002,8.003595774981237,2460.1098951709396
BSU16680-MONOMER,10.45090588,7.365355445359694,2268.0228484491936
CPLX8J2-181,57.11771285999999,41.228524447595206,12681.782349245119
CPLX8J2-180,54.06718928000001,39.25719084894764,12086.235928070131
BSU03860-MONOMER,27.859126879999994,21.05969372065542,6521.466299305016
BSU01210-MONOMER,12.47052416,8.94824953715894,2751.666814828706
BSU23490-MONOMER,174.70329395999997,134.29958558480618,41371.722124578664
BSU00550-MONOMER,133.78194496000003,95.99550201012103,29549.89320990074
BSU16530-MONOMER,29.771732319999998,21.680191978156117,6673.653425305551
BSU39050-MONOMER,77.46292926000001,57.070316031451256,17608.339244854866
BSU00460-MONOMER,31.71823406,22.827118153970698,7018.186727291128
BSU22060-MONOMER,46.24264372,38.01328024302419,11764.939703022263
BSU02420-MONOMER,51.60159652000001,43.62893785811352,13543.108889635894
BSU33940-MONOMER,35.690888660000006,33.98185909053721,10620.43277940622
BSU25310-MONOMER,13.6389791,10.426518877506567,3212.2741762890037
BSU39390-MONOMER,51.63380016,59.73132409233041,18874.17406872652
BSU07610-MONOMER,45.82897724,39.13911448980187,12124.257838714013
BSU15600-MONOMER,22.53800272,33.71408770854013,10782.120247110826
BSU00760-MONOMER,33.513032179999996,51.1318694762794,16409.793089788203
BSU31580-MONOMER,47.829759679999995,37.17611829524536,11427.56468466127
BSU40550-MONOMER,33.970274679999996,24.158124037493533,7446.211549943862
BSU06510-MONOMER,21.60154576,55.022370065360306,17801.0462181599
BSU14600-MONOMER,47.388894820000004,46.231287551754406,14496.034955877672
BSU11710-MONOMER,29.116641060000003,38.96039154358846,12454.811206627353
BSU26810-MONOMER,29.876119820000003,22.138455123189445,6818.278901924971
BSU31970-MONOMER,35.090413319999996,62.81704375601104,20244.901230672425
BSU15080-MONOMER,6.6088397400000005,4.7703715213296585,1467.4979006993588
BSU13600-MONOMER,26.98844936,25.983879720627545,8111.972885225764
BSU32480-MONOMER,80.41894428,70.0517095535165,21878.274971545565
BSU23580-MONOMER,36.43815320000001,32.440022536848865,10144.939372029816
BSU28080-MONOMER,48.15421802,46.25912779708058,14532.274907547975
BSU15820-MONOMER,6.82514048,4.897393193551597,1505.6161261263635
BSU13620-MONOMER,20.805628760000005,21.62836922817623,6790.548466684262
BSU32820-MONOMER,65.31965092,55.64535901494112,17272.228035543347
BSU16600-MONOMER,41.704571279999996,45.57701105990855,14435.43570576537
BSU39920-MONOMER,85.76692822,73.97869940194995,23045.670664347417
BSU33500-MONOMER,85.90044132,62.920251000633336,19381.931858984535
BSU37080-MONOMER,48.627362520000005,35.2037398757362,10839.058313620126
BSU28870-MONOMER,19.61264324,15.578682113292455,4844.78525165795
BSU03220-MONOMER,51.14864902000001,48.808506284910436,15194.443900323093
BSU28790-MONOMER,60.9900188,74.5865465854344,23649.74181823376
BSU21810-MONOMER,19.17041664,14.04192351331587,4315.242824629565
BSU38020-MONOMER,29.00685862,20.93763772884039,6442.888857438505
BSU17680-MONOMER,32.7987865,24.02441532760433,7396.685290603205
BSU38240-MONOMER,54.246607620000006,41.81664595542752,12866.20709096352
BSU01050-MONOMER,12.609215960000002,11.97854590026835,3769.969743893714
BSU37120-MONOMER,30.38814384,22.971466577764545,7083.013486597969
BSU22710-MONOMER,42.80125712,30.347050300985913,9340.221582711494
BSU08790-MONOMER,65.91182250000001,47.43571023231944,14620.376815724696
BSU12390-MONOMER,54.85964862,73.17262674862852,23261.85207903829
BSU16490-MONOMER,27.834718900000006,20.03221288773293,6169.382996811258
CPLX8J2-11,126.57674858000001,90.82539894586665,27941.098265012042
BSU35300-MONOMER,95.50845036,72.80918248576361,22512.943029694532
BSU30960-MONOMER,39.228317960000005,53.91267966267915,17177.878157051127
BSU29750-MONOMER,158.12769616,113.46484444609982,34936.70833479644
BSU39060-MONOMER,45.302264560000005,35.404804525745305,10888.356843736405
BSU29120-MONOMER,67.0057024,61.511062656434504,19225.598875832464
BSU07990-MONOMER,30.466653280000003,22.056309069039862,6783.893696887854
BSU17710-MONOMER,6.84589288,4.999873138129581,1537.654656636205
BSU00180-MONOMER,17.749391080000002,13.947271681520398,4323.2366103421045
BSU15720-MONOMER,17.768140920000004,12.787453784154392,3934.7636367489313
BSU06430-MONOMER,42.306157899999995,67.25422055114159,21540.356185577428
BSU01100-MONOMER,15.106443980000002,10.743020210229501,3307.989544534711
BSU24160-MONOMER,31.39017626,31.962109882463437,9971.22019621754
BSU38190-MONOMER,58.57368032,47.400465075442895,14720.131807402899
BSU03050-MONOMER,34.92333240000001,30.12329767841113,9265.555097526092
BSU22600-MONOMER,45.2364929,60.43357872492835,19262.74352780808
BSU13110-MONOMER,206.80678176000004,150.15859726616407,46174.15044877425
BSU28470-MONOMER,43.79025474,31.04827177299896,9553.75730571274
BSU15730-MONOMER,34.629536879999996,25.070025293667385,7714.620979012174
BSU34790-MONOMER,34.377497979999994,24.594335874203743,7563.343906276198
BSU29680-MONOMER,64.87710052,47.65944366073554,14676.25099734666
BSU24150-MONOMER,40.943506199999995,38.63372781581204,12021.36000909655
BSU15220-MONOMER,39.94489944,65.9706957387918,21211.087472379728
BSU16510-MONOMER,26.07969284,18.546698854318834,5706.781806603046
BSU01190-MONOMER,30.17466084,21.458855020421602,6613.826606559263
BSU16960-MONOMER,58.899472200000005,41.50985122995691,12790.221627802248
BSU21690-MONOMER,20.17716316,14.60724099570037,4499.936101769291
BSU18220-MONOMER,27.87409464,39.853627973619936,12688.154422750527
BSU00140-MONOMER,25.43645814,21.18097690709123,6587.703877311026
BSU40330-MONOMER,51.639844079999996,49.93792855453944,15635.519773387976
BSU33930-MONOMER,42.173648,41.593092886874786,13021.932261263844
BSU11670-MONOMER,40.929304800000004,46.91169733153948,14860.058011272098
BSU32000-MONOMER,27.44888102,60.6683608334752,19671.771746507144
BSU10120-MONOMER,39.63918522,39.34709866451512,12358.680154174452
BSU28090-MONOMER,101.70279146000001,79.4831668203904,24636.79417586523
BSU00780-MONOMER,108.10652880000002,310.4034863818438,101045.95763703693
BSU36900-MONOMER,45.47584296,32.63128201330815,10045.145670023097
BSU29140-MONOMER,83.43398,65.56148215370433,20210.715258116692
BSU15610-MONOMER,28.51241106,35.65909114780544,11318.479111890198
BSU18210-MONOMER,56.17341672,55.16057503542283,17245.3895634791
BSU33960-MONOMER,50.41973854,39.081688098943474,12032.84436680108
BSU29600-MONOMER,46.62139934,36.43573994327076,11203.393287107456
BSU28680-MONOMER,50.92179292000001,36.539034292500304,11244.07436376489
BSU13170-MONOMER,17.15120434,12.489746943545823,3842.0862352292174
BSU23860-MONOMER,103.25821296000001,85.76308143071054,26703.499280676257
BSU22410-MONOMER,13.898836240000003,9.85458631081549,3034.293363473
BSU01200-MONOMER,10.460994779999998,7.684763766515172,2363.1356706111815
BSU24090-MONOMER,31.748384580000003,27.655531110281096,8533.986565590816
BSU17460-MONOMER,50.12530616,38.53280434506774,11896.922717535135
BSU14400-MONOMER,67.16908824,56.647956906271205,17602.425111456312
BSU34880-MONOMER,26.521697259999996,18.804477601211637,5785.491424137643
BSU13850-MONOMER,68.54869996,50.06429542375607,15414.40004095584
BSU28270-MONOMER,39.82664194,46.582053674801465,14747.396394840845
BSU39420-MONOMER,23.25423962,26.950697017048334,8539.375716256309
BSU10220-MONOMER,45.92430582,35.499229034615645,10917.599709801529
BSU19350-MONOMER,34.26387080000001,26.704971268801778,8230.309154839346
BSU01330-MONOMER,17.630452839999997,12.613171529048818,3882.757180886801
BSU37500-MONOMER,62.64889224,54.43889724747588,16945.868526861505
BSU01110-MONOMER,17.76350698,12.82199768038748,3945.912552545771
BSU16690-MONOMER,77.30337193999999,54.9746643333005,16929.222617171556
BSU16570-MONOMER,63.27981401999999,45.136681509366305,13903.030082484394
BSU04340-MONOMER,63.12157314,45.83141229350746,14091.15825311209
CPLX-9084,39.63918522,39.34709866451512,12358.680154174452
BSU02140-MONOMER,49.812219039999995,42.9657824453241,13341.545077334218
BSU38110-MONOMER,28.314511040000003,25.086981199568804,7839.523937699729
BSU19630-MONOMER,25.37047048,18.150531857632622,5578.61523557933
BSU22880-MONOMER,42.37325588,29.77251786665108,9172.521232838822
BSU06230-MONOMER,51.6405052,39.25711014611999,12078.093537296416
BSU15140-MONOMER,35.30186,37.827005654636295,11956.35541527469
BSU22370-MONOMER,86.15079276,62.36879693329288,19184.567136096724
BSU35670-MONOMER,33.05953978,24.074419366534507,7409.155248263763
BSU36760-MONOMER,46.68814094,33.50116885200489,10313.787170013205
BSU18250-MONOMER,61.42090040000001,63.19486731899222,19875.4698865063
BSU35740-MONOMER,15.268323919999998,29.51395993682159,9536.362710636282
BSU04620-MONOMER,13.724664820000001,9.906693576007797,3044.662174325616
BSU37760-MONOMER,51.737050239999995,53.893270823672395,16945.433985168896
BSU04470-MONOMER,45.44479082,44.91611211374012,14067.874225371144
BSU09280-MONOMER,114.96220471999999,114.36023577769087,35850.662217418525
BSU35010-MONOMER,42.60679314,36.65985110148361,11434.32827320882
BSU02430-MONOMER,36.17715390000001,32.67052564778043,10214.703562604715
BSU18470-MONOMER,40.3475224,32.306887747501925,10035.661139303398
BSU06150-MONOMER,38.24851756,33.8886247967889,10591.02317581114
BSU10130-MONOMER,35.32621449999999,36.1205224307442,11388.38906813875
BSU40890-MONOMER,8.85336948,10.034140272553488,3181.2939331213943
BSU26860-MONOMER,46.7319973,36.42252366974902,11214.323946186743
BSU09540-MONOMER,21.933602920000006,17.889974697520397,5513.79360759306
BSU03060-MONOMER,57.61635672,45.888589525192515,14131.082372777768
BSU30820-MONOMER,64.07715338,65.51792454185905,20628.87531026132
BSU09840-MONOMER,57.513838240000005,41.88238161761817,12908.013703790628
BSU29020-MONOMER,37.47364212,28.40755262833514,8762.261101169053
BSU17660-MONOMER,16.406556899999998,11.87751363497279,3657.5058352164306
BSU19520-MONOMER,46.814853580000005,36.28744533373115,11176.467072322335
BSU16650-MONOMER,13.39029146,28.82469120513038,9342.534887998585
BSU00130-MONOMER,48.82782992,35.036506956425754,10771.190567545307
BSU12020-MONOMER,35.988242080000006,37.104400715814165,11690.466341380306
BSU39260-MONOMER,53.26915572,48.67376599028294,15245.080586313376
BSU31660-MONOMER,13.630065260000002,32.712350023303166,10609.826571829797
BSU09300-MONOMER,62.56979176000001,45.29735027870524,13947.621332928507
BSU29010-MONOMER,13.86449308,15.151867890084821,4790.238307096393
BSU32680-MONOMER,16.1622897,11.183710027340519,3440.6275832928386
BSU31600-MONOMER,89.54695362,70.55593776612298,21691.565332933347
BSU33420-MONOMER,75.23404528,57.19291844370142,17577.592273475573
BSU39450-MONOMER,38.41847546,33.21997455918745,10324.591370673903
BSU22490-MONOMER,117.89716607999999,163.78951466267944,52371.43220263235
BSU03900-MONOMER,47.23936968,40.44435872416426,12589.485118764533
BSU29790-MONOMER,48.3458773,35.30923686488922,10861.007960053521
BSU16020-MONOMER,20.19587808,14.749986609947074,4540.229870926325
BSU40850-MONOMER,40.415900400000005,29.08669290934389,8954.619491679567
BSU31060-MONOMER,53.644113239999996,38.60683129073498,11868.479447782347
BSU02460-MONOMER,34.035704599999995,57.73554100382074,18580.619174951247
BSU13550-MONOMER,38.84878062000001,33.01216654899244,10285.420067834822
BSU37100-MONOMER,45.993760800000004,33.19906902132997,10217.583565344832
BSU24310-MONOMER,30.678831319999997,23.64914386207144,7324.963880417758
BSU14870-MONOMER,34.09658214,26.79271037380603,8254.43760055356
BSU39780-MONOMER,35.159390800000004,28.75246078523148,8941.37465636478
BSU27320-MONOMER,17.13003062,11.962935290774231,3686.107263511953
BSU06310-MONOMER,51.0920932,39.71179687003816,12211.781714237277
BSU39760-MONOMER,53.44247136,76.2966420843746,24421.267217850276
BSU01010-MONOMER,20.123881840000003,14.697404416107325,4525.277917070929
BSU01580-MONOMER,51.1752277,39.012532171920846,12008.337221694223
BSU16630-MONOMER,78.51840793999999,67.22415389297858,20999.663189257004
BSU01780-MONOMER,130.35703244,93.81592228873514,28915.085690625932
BSU14180-MONOMER,24.95337644,17.798924070788615,5484.810250072284
BSU32510-MONOMER,36.74145376,44.148765735120975,14020.216854084481
BSU16040-MONOMER,13.402735840000002,9.788639711210704,3012.726545756378
BSU32100-MONOMER,44.93111927999999,32.719469640315225,10073.62704666809
BSU36000-MONOMER,28.787911960000002,28.02329881201615,8818.465252938106
BSU40320-MONOMER,32.13935064,35.12362061566214,11122.667364590705
BSU38550-MONOMER,40.14829784,29.322164315232744,9032.252928882543
BSU25160-MONOMER,34.94857598,25.300993392789966,7788.55677493146
BSU25500-MONOMER,42.87316454,72.26961230900186,23266.109661004022
BSU37070-MONOMER,7.44951356,5.345413345105877,1646.325878438756
BSU23920-MONOMER,55.480202559999995,40.40145966513878,12436.20890588489
BSU38860-MONOMER,36.99416878,26.545239752233055,8173.284519270141
BSU06730-MONOMER,51.810789660000005,37.61886062143941,11593.940374983495
BSU40070-MONOMER,46.65662590000001,47.40722597173096,14819.192668418355
BSU30980-MONOMER,73.65225386000002,73.58070533346337,23069.945721334636
BSU02290-MONOMER,29.69040418,25.86285593233197,8066.0592609172145
BSU30950-MONOMER,55.838610460000005,61.26159381266695,19315.81173636538
BSU15560-MONOMER,23.517612140000004,51.87905164732371,16667.620451761602
BSU25020-MONOMER,22.348377399999997,16.036122873427264,4938.920974373807
BSU17150-MONOMER,46.77069978,342.53558721382666,111499.22561259355
BSU31980-MONOMER,119.83716319999999,156.26304797929117,49833.41560501497
BSU13130-MONOMER,45.23599428,36.7999300158247,11431.622314812728
BSU11880-MONOMER,42.48168896,35.10280258551994,10935.694501398022
BSU36010-MONOMER,61.98798306,48.048543883494546,14886.662162990235
BSU20020-MONOMER,16.1493236,11.691289794910464,3596.1089044656123
BSU01400-MONOMER,4.31641302,3.2077025271160204,988.153964382211
BSU37790-MONOMER,46.55079894,33.60114850636684,10354.138822349109
BSU22440-MONOMER,36.18204214,44.711045508331516,14254.744965680084
BSU12910-MONOMER,30.191174619999998,21.728117301682513,6687.264058629736
BSU34890-MONOMER,23.299486140000003,16.917327981366636,5213.971635345271
BSU33440-MONOMER,67.22019274,48.80734453627999,15041.179495682623
BSU01170-MONOMER,22.40375266,15.980310057634366,4918.401732475006
BSU37010-MONOMER,40.217580739999995,27.82908667930355,8572.906765446418
BSU22070-MONOMER,21.03488618,18.54744065870271,5703.0753978428975
BSU01320-MONOMER,12.978702920000002,9.091488118797873,2794.550890558147
BSU00990-MONOMER,5.50439656,3.8792653615033,1192.96943029597
BSU38560-MONOMER,48.7017474,43.98111835777726,13745.076834310465
BSU18480-MONOMER,32.03284552,23.05353911285599,7099.810910916673
BSU14530-MONOMER,61.50688415999999,45.57711653813321,14053.066649491842
BSU34920-MONOMER,23.608758019999996,16.990854779985295,5222.465447999037
CPLX8J2-131,52.909295619999995,38.07799451496653,11719.340918382713
BSU09240-MONOMER,24.66074542,17.80054022710026,5486.422457386593
BSU09530-MONOMER,37.2987088,28.593084152458406,8806.509422872334
BSU25790-MONOMER,38.321181040000006,35.914189904255444,11187.263628687877
BSU12920-MONOMER,30.15120132,40.730482017963766,13021.22581978487
BSU01350-MONOMER,15.396571419999999,10.785187626064626,3323.173540392436
BSU12330-MONOMER,36.75691453999999,65.56518694549017,21053.14122912051
BSU31640-MONOMER,18.38172996,36.23778193221358,11692.451049362475
BSU05860-MONOMER,32.431597100000005,49.965990092925765,16041.346899203367
BSU01440-MONOMER,13.625464540000001,9.486430152912089,2920.3715550330758
BSU31630-MONOMER,53.48456018,59.70537422930044,18812.024218084774
BSU33400-MONOMER,31.51932718,22.751179732941125,7009.153151489034
BSU32410-MONOMER,48.31339158,34.770394087183085,10703.578191845263
BSU11200-MONOMER,43.257444400000004,54.19223207817474,17217.52819043859
BSU21680-MONOMER,16.598309020000002,11.874755609590926,3659.210627379054
BSU26600-MONOMER,17.83725524,18.846903012344637,5949.041800272927
BSU39700-MONOMER,38.33606648,66.74704577081123,21512.751156067596
BSU31650-MONOMER,10.246333379999998,30.687289874090588,9980.398883984784
BSU37660-MONOMER,34.645952859999994,24.71251478925157,7607.48032090039
BSU35290-MONOMER,42.173779520000004,40.15432192278802,12636.187262787429
BSU23850-MONOMER,55.61713692,40.38257929838685,12427.31060930325
BSU11650-MONOMER,27.40518702,38.59880879968627,12342.001379540592
BSU06470-MONOMER,24.771790959999997,56.4945437191441,18255.714659566285
BSU34570-MONOMER,88.24906662,64.0760227538655,19745.86286637316
BSU01260-MONOMER,13.16319032,9.30492770716746,2862.7605717690444
BSU00410-MONOMER,20.673561799999998,18.272928359260455,5716.919913716281
BSU34900-MONOMER,21.54141452,15.686759415101438,4821.125522425936
BSU18540-MONOMER,45.38729494,35.76160916371003,11004.796007212552
BSU20250-MONOMER,50.512134620000005,36.46050713174321,11204.86409322162
BSU06490-MONOMER,51.682156219999996,72.24064758868377,23063.60173570244
BSU05990-MONOMER,29.062724579999998,22.96110838010896,7064.5494509604805
BSU01420-MONOMER,13.94091096,9.795235509148036,3015.8072305425326
BSU28140-MONOMER,29.10591464,43.78713996624629,14035.862654080887
BSU39540-MONOMER,37.114550560000005,27.81876495866501,8585.780346910813
BSU07920-MONOMER,37.51402008,32.51789814932382,10101.506337260675
BSU04360-MONOMER,45.693102980000006,35.320510545047554,10874.472486904617
CPLX8J2-124,1047.4978972200001,1607.1346627614178,515884.5152865012
CPLX8J2-125,37.114550560000005,27.81876495866501,8585.780346910813
CPLX8J2-126,275.59384847999996,213.03248841841025,65652.53146278887
BSU06240-MONOMER,37.324216979999996,27.10042687226207,8335.676994091307
BSU02480-MONOMER,49.2523191,68.8442527800652,21979.250986881652
BSU11870-MONOMER,41.689841920000006,34.89299268747277,10868.472947169654
CPLX-7445,44.032960040000006,39.764873552822806,12439.413905478645
CPLX8J2-13,76.73720934,63.73555521381455,19748.353329238224
CPLX8J2-12,110.22954212000002,79.56553483296543,24522.37684637856
CPLX8J2-15,116.23600332,85.38826808190734,26272.829273634696
CPLX8J2-18,54.741261079999994,39.27970130508184,12080.266251665962
BSU23280-MONOMER,39.30082366,40.35211046474135,12712.766946505393
BSU01130-MONOMER,43.56858543999999,31.07691442009225,9560.881134100813
BSU16750-MONOMER,37.8355739,38.84766565499723,12232.667970649845
BSU18800-MONOMER,33.45296772,24.218248999252527,7463.020813743495
BSU31610-MONOMER,15.29184916,33.83112352175619,10949.893402562882
BSU39380-MONOMER,35.04928343999999,47.3471751173142,15095.083592247413
BSU15110-MONOMER,33.28058644,31.11923255408799,9754.484956403126
BSU01770-MONOMER,48.4123067,43.61649864229345,13673.294080957283
BSU10790-MONOMER,70.56506350000001,51.3864664369244,15830.927208717443
BSU16760-MONOMER,42.94269336,42.16840985682941,13250.329391793297
BSU07810-MONOMER,65.15489156,56.6164910501101,17644.23965561176
BSU29620-MONOMER,30.464021940000002,22.249288390442388,6847.462315256281
BSU10520-MONOMER,44.9145929,48.797768905252724,15347.48539854625
BSU10140-MONOMER,51.20533432,45.696083391251456,14275.308716860696
BSU01290-MONOMER,7.12858254,5.312741346966462,1635.975957266015
BSU34870-MONOMER,27.28781132,19.58042355569042,6023.739419588521
BSU38060-MONOMER,28.462308559999997,22.18328269958836,6826.417055711443
BSU40190-MONOMER,74.46992204,54.547638111650116,16810.280614258172
CPLX-5322,15.268323919999998,29.51395993682159,9536.362710636282
BSU02340-MONOMER,44.619411379999995,34.585699355187664,10642.784329532717
BSU03280-MONOMER,53.86527296,50.94139094377373,15989.685869010169
BSU29470-MONOMER,43.1247833,31.312111298410912,9650.782621525246
BSU24170-MONOMER,41.17579508,38.765109207720556,12069.93056128842
BSU22670-MONOMER,36.01136498,50.10584715014745,15992.383815634052
BSU23070-MONOMER,57.11771285999999,41.228524447595206,12681.782349245119
BSU36030-MONOMER,49.55701986,39.364049477354435,12128.473821221836
BSU30800-MONOMER,29.89358352,44.58964435084566,14261.49451488626
BSU23260-MONOMER,44.1067887,43.02935612065772,13534.622989485195
BSU24900-MONOMER,5.90982978,4.152395397988865,1278.3679697061355
BSU22690-MONOMER,14.51480896,10.507984239607595,3236.2569302681777
BSU22830-MONOMER,37.43270974,27.019558581381993,8314.736485711628
BSU21770-MONOMER,46.640659760000005,34.95894552954288,10801.957460220896
BSU30830-MONOMER,52.785886500000004,63.09017710129427,20067.913066652294
BSU29060-MONOMER,22.008147080000004,15.651199526716374,4817.037848170452
BSU33490-MONOMER,75.40038358,54.907614164690656,16903.86137624407
BSU02640-MONOMER,27.711080539999998,22.01141934137913,6773.310800464569
BSU04570-MONOMER,49.708161759999996,35.77418842315612,11022.41808664299
BSU01240-MONOMER,7.71896168,5.47291678180369,1681.9866158684706
CPLX8J2-113,107.11232055999999,84.16765558632464,25988.585291088235
CPLX8J2-119,125.0194037,95.30633722926474,29313.432011360517
BSU34550-MONOMER,25.09144854,18.111428972875142,5577.618364938529
CPLX000-1,120.68092071999999,97.91778618858746,30334.148685640364
CPLX000-2,181.08862506,138.04971914413508,42562.18935462242
CPLX000-3,181.08862506,138.04971914413508,42562.18935462242
CPLX000-4,201.95603582,158.6947792523598,49239.51862017803
CPLX000-5,164.25064178,130.4672962171769,40512.67467469362
CPLX000-6,136.57457383999997,117.22062934343926,36499.41671602862
CPLX000-7,115.57177354000001,112.74860736230991,35264.86380800447
CPLX000-8,79.16248458,58.49125844763529,17990.61921865284
CPLX000-9,239.54822966000003,174.95318430450374,53857.18037731336
CPLX000-10,120.36114721999998,88.16198703327663,27139.361354505683
CPLX000-11,119.74940928000001,97.41733217277142,30253.80762786598
CPLX000-13,143.7666446,120.02126867922303,37336.69474580685
CPLX000-12,144.38927410000002,137.78320498021054,43155.15345817955
CPLX000-15,138.03439903999998,99.04685893505317,30464.074641299794
CPLX000-16,105.4471455,76.56323124053193,23551.61201271748
CPLX000-14,139.04132336,99.76937949351495,30705.50899007188
CPLX000-17,140.86659303999997,101.6798727434039,31278.987575133215
CPLX000-19,142.35657892,106.70166146544133,32838.48817991174
CPLX000-18,107.42044223999999,80.7447635876966,24879.25487648422
CPLX000-20,164.54063327999998,138.76756328851448,43208.2418935075
CPLX000-21,139.26923832,117.15761387709355,36492.162488619346
CPLX000-22,140.23171998,115.27601455570577,35816.80768784051
CPLX000-23,147.61335859999997,108.75319467315923,33444.47298583231
CPLX000-25,180.12086119999998,135.39151442248158,41837.717443421694
CPLX000-24,201.59957246,168.30215742433865,52465.78813152001
CPLX000-27,180.12086119999998,135.39151442248158,41837.717443421694
CPLX000-26,182.62739472,148.5691969777213,46131.06253154064
CPLX000-28,182.62739472,148.5691969777213,46131.06253154064
CPLX000-29,180.12086119999998,135.39151442248158,41837.717443421694
CPLX000-30,182.62739472,148.5691969777213,46131.06253154064
CPLX000-31,146.39967593999998,115.03921713249696,35688.10445949612
CPLX000-32,182.62739472,148.5691969777213,46131.06253154064
CPLX000-33,180.12086119999998,135.39151442248158,41837.717443421694
CPLX000-34,182.62739472,148.5691969777213,46131.06253154064
CPLX000-35,182.62739472,148.5691969777213,46131.06253154064
CPLX000-36,180.12086119999998,135.39151442248158,41837.717443421694
CPLX000-37,180.12086119999998,135.39151442248158,41837.717443421694
CPLX000-38,182.62739472,148.5691969777213,46131.06253154064
CPLX000-39,182.62739472,148.5691969777213,46131.06253154064
CPLX000-40,180.12086119999998,135.39151442248158,41837.717443421694
CPLX000-41,180.12086119999998,135.39151442248158,41837.717443421694
CPLX000-42,182.62739472,148.5691969777213,46131.06253154064
CPLX000-43,182.62739472,148.5691969777213,46131.06253154064
CPLX000-44,180.12086119999998,135.39151442248158,41837.717443421694
CPLX000-45,180.12086119999998,135.39151442248158,41837.717443421694
CPLX000-46,182.62739472,148.5691969777213,46131.06253154064
CPLX000-47,180.12086119999998,135.39151442248158,41837.717443421694
CPLX000-49,146.39967593999998,115.03921713249696,35688.10445949612
CPLX000-48,182.62739472,148.5691969777213,46131.06253154064
CPLX000-50,182.62739472,148.5691969777213,46131.06253154064
CPLX000-51,182.62739472,148.5691969777213,46131.06253154064
CPLX000-52,180.12086119999998,135.39151442248158,41837.717443421694
CPLX000-53,156.3670745,121.87117609342282,37564.10496404734
CPLX000-54,130.16070338,114.21365672681756,35648.890922638944
CPLX000-55,141.12306072,115.70780129944528,35953.91859179441
CPLX000-56,122.2896265,101.30921534360623,31473.834070005123
CPLX000-57,87.28645233999998,63.93547467036015,19681.643114259736
CPLX000-58,168.41017852,122.279530471368,37621.31253007501
CPLX000-59,168.41017852,122.279530471368,37621.31253007501
CPLX000-60,168.41017852,122.279530471368,37621.31253007501
CPLX000-61,136.57457383999997,117.22062934343926,36499.41671602862
CPLX000-62,121.49764432,105.57565406916844,32954.87432064832
CPLX000-63,119.70385636000002,96.86976184166147,30035.20506595971
CPLX000-64,292.98441966,230.84861789600455,71231.87577512424
CPLX000-66,371.2811181,279.0810154977832,85907.24271652036
CPLX000-65,449.35149416,352.1371488239456,108630.79474511943
CPLX000-67,160.34025266,119.4972892731395,36820.07203382598
CPLX000-69,122.10240789999997,108.70487432056548,33994.6209703726
CPLX000-68,233.20836116000004,184.74438393246163,56969.97419681024
BSU12290-MONOMER_mod_mg2_mod_fad_mod_cu,42.650542962,32.60483706798831,10077.214800235774
CPLX000-70,92.41422994,68.47971873848243,21105.268699843826
BSU18000-MONOMER_mod_4fe4s,198.69837687999998,143.00012155348725,44041.694418454616
BSU00770-MONOMER_mod_mg2,62.03107436,98.21415196384945,31568.297690214356
BSU30970-MONOMER_mod_mg2,170.40466528000002,224.74471844797884,71604.15231509093
BSU15200-MONOMER_mod_mg2_mod_k,49.72571,71.5206177277814,22913.719847046763
BSU22870-MONOMER_mod_fmn,37.67245668099999,26.79094855339862,8242.651627691068
BSU30210-MONOMER_mod_mg2,50.362342600000005,82.20901186216707,26338.425863791974
BSU22620-MONOMER_mod_pydx5p,80.29186636099999,113.42942895033568,36254.248896461315
BSU31990-MONOMER_mod_mg2,43.4670373,71.78765581053155,23106.165293202055
BSU21870-MONOMER_mod_4fe4s,119.05389988000002,85.42736382447112,26258.83743425236
BSU11010-MONOMER_mod_zn2_mod_cbl1,67.90963336,48.72869315560938,15006.53136100023
BSU09310-MONOMER_mod_mg2,64.68976488000001,46.28032575283974,14253.422350142097
BSU24270-MONOMER_mod_thmpp,139.516882362,101.89565111006362,31351.735944909396
BSU06480-MONOMER_mod_mg2,80.19837655999999,89.01324238193159,28118.420510849362
BSU12080-MONOMER_mod_ca2,36.93889359999999,29.02616671929091,8938.169139784031
BSU14390-MONOMER_mod_mg2,65.60599728,69.17961608110787,21868.04900784482
BSU31200-MONOMER_mod_mg2,54.77454224,54.60453108550558,17156.320394399958
BSU17610-MONOMER_mod_mg2,110.87594796,84.99718656491076,26206.0783886508
BSU30560-MONOMER_mod_mg2,58.299608060000004,42.33027221329723,13027.494065949042
BSU29450-MONOMER_mod_mg2,179.25089736000004,130.5330111547086,40149.47305180778
BSU16920-MONOMER_mod_mg2,21.38572796,20.452895310126564,6385.350655437011
BSU34910-MONOMER_mod_mn2,92.585447378,65.84258569864924,20290.767065897006
BSU11610-MONOMER_mod_mg2,180.09019935999999,131.9122506515814,40550.086643653915
BSU29220-MONOMER_mod_mn2,262.037433258,188.0254839961126,57934.966064029824
BSU23570-MONOMER_mod_cobalt2,209.97091512,168.12697240170797,52182.866894388666
BSU38290-MONOMER_mod_mg2,23.72526508,23.803400904757126,7515.627133557041
BSU27600-MONOMER_mod_mn2,84.931969258,63.11640965762513,19482.881816305144
BSU39370-MONOMER_mod_zn2,45.547310519999996,53.46731446942531,16942.891728503393
BSU00510-MONOMER_mod_mn2_mod_pi,34.938488699000004,28.49730986169929,8857.005736290086
BSU12300-MONOMER_mod_zn2,54.59741726000001,77.94548974648086,24878.25732490097
BSU27850-MONOMER_mod_4fe4s,83.31586688,80.03700385967713,25147.790565757987
BSU05900-MONOMER_mod_mg2,35.91605928,26.077989488139277,8022.305480198355
BSU14520-MONOMER_mod_mn2,125.83155573799999,90.55900731723384,27909.70622882395
BSU25300-MONOMER_mod_zn2,29.699725,28.340909136344795,8902.967060493262
BSU11220-MONOMER_mod_pydx5p,82.190910721,105.4211463337354,33521.75589095652
BSU02130-MONOMER_mod_ca2,66.00771272000001,60.45415596549637,18916.856313933127
BSU19710-MONOMER_mod_zn2,97.08120664,70.48887703734175,21667.66199982813
BSU01370-MONOMER_mod_mg2,24.154651620000003,17.074681870581312,5253.494850474385
BSU00280-MONOMER_mod_mg2,23.906683340000004,17.205266984266117,5299.678119149415
BSU30690-MONOMER_mod_zn2,42.21828612,31.014025174702024,9538.41313779999
BSU18830-MONOMER_mod_mg2,194.38381148,139.8949961551903,43104.48703998999
BSU38200-MONOMER_mod_mg2,43.55301634,32.83038429069892,10115.110417581096
BSU16550-MONOMER_mod_cobalt2,85.04502592,62.29367736665975,19168.387032753846
BSU00790-MONOMER_mod_mg2,19.0957489,41.839533710719934,13570.43100935798
BSU04640-MONOMER_mod_pydx5p,86.78348764100001,63.382006744083974,19519.988165066796
BSU02390-MONOMER_mod_6:pydx5p,239.46464196600002,173.36023441000248,53344.40839790468
BSU32500-MONOMER_mod_mg2,22.14060934,34.77207680667118,11172.302973525
BSU15020-MONOMER_mod_mg2,109.11410584000001,78.76039419205014,24225.50356242333
BSU27330-MONOMER_mod_mg2,24.52829122,17.75723664531547,5469.823442791869
BSU24280-MONOMER_mod_mn2,32.601574558,23.0457272915902,7093.797877514637
BSU04000-MONOMER_mod_mg2_mod_k,38.80118908,28.090089539192558,8656.113136470858
BSU27870-MONOMER_mod_fad,59.017144942,50.150449691806315,15640.799674044805
BSU28560-MONOMER_mod_mg2,125.41599099999999,115.13155752725648,35958.786549422
BSU02490-MONOMER_mod_mg2,50.78551804,67.41360508924562,21520.039914627963
BSU06360-MONOMER_mod_mg2,115.68864916,83.9993985189656,25818.782577457692
BSU30940-MONOMER_mod_pydx5p,183.732885881,167.4909421712143,52267.543351962595
BSU25640-MONOMER_mod_mg2,22.198790380000002,16.63883632241656,5119.158281810277
BSU28150-MONOMER_mod_dpm,34.83291998000001,46.906339973957195,14986.426610219958
BSU27860-MONOMER_mod_mg2,62.81163672,66.76880182799904,21085.597919818516
BSU09290-MONOMER_mod_mn2,220.36749889799998,168.93309830760947,52050.16906510934
BSU00730-MONOMER_mod_2:pydx5p,65.856183762,46.97437307493047,14463.476199753612
BSU15680-MONOMER_mod_mg2,46.466681640000004,33.24317481972424,10235.631609925516
BSU17890-MONOMER_mod_mg2_mod_mn2_mod_thmpp,145.21145142,103.5774699367133,31894.88753168026
BSU37060-MONOMER_mod_mg2,21.49575604,15.332647688785313,4719.728068523392
BSU16990-MONOMER_mod_zn2,147.96964255999998,107.75356378858979,33202.09693495326
BSU22730-MONOMER_mod_mn2,67.93546969800002,50.051021339467766,15397.421947210012
BSU22890-MONOMER_mod_mg2,25.138743440000002,17.50229748684495,5389.904851293623
BSU14670-MONOMER_mod_mg2,29.796838479999998,21.571397184822004,6642.69149050158
BSU30540-MONOMER_mod_mg2,145.08205096,119.26317826396102,37068.55866164533
BSU21820-MONOMER_mod_mg2,61.117362359999994,44.89749795756099,13833.652239970168
BSU28780-MONOMER_mod_zn2,102.68953632,219.96037120954034,71113.86740520244
BSU11210-MONOMER_mod_mg2,55.49654960000001,82.06930542049842,26152.559131298072
BSU38490-MONOMER_mod_mg2,33.89358326000001,26.19954844100363,8054.077313713382
BSU30300-MONOMER_mod_mn2,98.62390309800001,71.81930597176975,22133.142776749915
BSU23770-MONOMER_mod_pydx5p,49.964394981,46.82608210654618,14666.836339084248
CPLX8J2-87_mod_2fe2s_mod_sheme_mod_fad,189.65904062199996,149.03193886984576,46250.875253580765
BSU27250-MONOMER_mod_pydx5p,163.74018828099997,161.4861692895525,50839.775194768816
BSU29180-MONOMER_mod_mn2_mod_k,248.756799518,196.00074102098688,60901.243148310496
BSU02230-MONOMER_mod_mg2,42.12196472,30.13487917613255,9281.277731791419
BSU16540-MONOMER_mod_mg2_mod_k,30.300724040000006,24.003807443407748,7380.999842621446
BSU00500-MONOMER_mod_mg2,148.38191248000004,116.28042696381151,36026.65654191224
BSU37150-MONOMER_mod_mg2,238.85371951999997,172.4086263532046,53100.497816234
BSU33910-MONOMER_mod_mn2,56.267489438,50.81351788760787,15822.980304355859
BSU23500-MONOMER_mod_mn2,44.107170858,32.87189129116977,10109.479161145453
CPLX8J2-19_mod_pydx5p,146.267420241,146.4372310387043,46029.106053186195
BSU03150-MONOMER_mod_mg2,21.969648920000004,16.045453736232812,4935.54673847095
BSU14630-MONOMER_mod_pydx5p,535.8505630410001,390.2138764873838,120067.35905342935
BSU00900-MONOMER_mod_mn2,51.784051978,49.856535293848275,15670.814505780192
BSU27610-MONOMER_mod_mg2,37.78791972,47.34009934293935,15067.575267151164
BSU35660-MONOMER_mod_nad,43.283266122,31.057994120666848,9554.347448840632
BSU35920-MONOMER_mod_mg2_mod_k,62.3333385,83.80574453056747,26793.89850120157
BSU10020-MONOMER_mod_pydx5p,80.502395801,57.9363181806075,17855.998107570533
CPLX8J2-6_mod_zn2,315.438938,261.99383613766975,81112.15349935016
BSU22700-MONOMER_mod_nad_mod_cobalt2,41.47896756200001,30.11711478778656,9258.206219569303
BSU15230-MONOMER_mod_fad,33.587780542,61.34469113746963,19813.160381331087
BSU37490-MONOMER_mod_2:mn2,65.02049739600001,54.83591382619797,17052.33759760265
BSU13120-MONOMER_mod_mg2,157.41325928000003,132.7565962531389,41345.39628313497
BSU25070-MONOMER_mod_mn2,40.692458298,31.02117782087118,9580.912137766469
BSU22780-MONOMER_mod_zn2,212.17158479999998,162.6501338552198,50283.687018046185
BSU13180-MONOMER_mod_zn2,86.64287002,62.725035868782754,19322.231717519437
BSU06530-MONOMER_mod_mg2,45.306203079999996,68.64202065054523,21946.589417210384
BSU32680-MONOMER_mod_1:2fe2s,16.3381097,11.409889068526999,3516.6872511870565
BSU28290-MONOMER_mod_mg2,149.84119751999998,196.98475931132785,62738.81669739028
BSU32680-MONOMER_mod_1:4fe4s,16.5139297,11.427031974107383,3516.021412997614
CPLX_dummy,33.71141334,24.62100897013294,7582.55016972054
ribosome,812.250190743,201.7827596733771,62038.8592253426
RNA_degradosome,339.5618935,258.1349388997566,79612.83518662179
polycistronic_wout_rRNA_excision_machinery,47.83441684,34.93569356527958,10741.538294993876
rRNA_containing_excision_machinery,110.6074988,103.66013282814794,32501.357328426722
monocistronic_excision_machinery,47.83441684,34.93569356527958,10741.538294993876
